531885057,21/10/2015,8203,12/11/2023 23:17,12/11/2023 23:11,12979,7434,5382,163,2399,6839,344.82,60481,3829,67,17957
510007303,14/04/2013,7768,10/11/2023 23:37,10/11/2023 23:39,44274,23983,19795,496,2816,8454,332.64,16913,10565,68,68667
549340683,01/11/2019,6772,14/11/2023 15:24,15/11/2023 01:59,10271,5183,4892,196,2225,7016,346.86,22017,2962,62,9419
556268564,18/07/2018,7212,01/09/2023 21:58,31/10/2023 20:36,2988,1688,1252,48,2364,7473,236.52,12305,628,77,6223
536167959,08/03/2016,7149,01/10/2023 14:50,01/10/2023 15:02,19610,10174,9205,231,2727,7771,358.11,14609,5224,66,23108
558694424,17/11/2018,8032,14/11/2023 17:22,14/11/2023 17:18,23071,12384,10377,310,2913,9850,537.86,13905,5843,72,33247
513872420,09/09/2013,9442,15/11/2023 13:37,15/11/2023 13:38,29200,16693,12247,260,3383,8435,448.79,16897,10457,77,38572
511268911,07/06/2013,7969,16/07/2023 13:40,16/07/2023 13:40,18598,9921,8507,170,2792,8651,481.97,4737,5257,73,23125
550474801,09/10/2017,4773,05/11/2023 12:56,05/11/2023 12:54,4925,2281,2562,82,2313,6480,747.28,15697,917,68,4656
533105901,03/12/2015,7536,14/11/2023 19:37,14/11/2023 19:35,34317,18205,15765,347,2835,9104,378.05,12049,9024,74,56169
521316406,29/07/2014,6922,14/11/2023 20:32,14/11/2023 20:46,65918,33187,32003,728,2598,9103,375.97,16913,18000,70,77069
674123832,28/05/2023,5597,28/10/2023 23:51,28/10/2023 23:51,765,435,320,10,2750,4647,214.1,3873,328,69,989
525103675,30/12/2014,7070,26/07/2023 03:38,26/07/2023 04:05,25012,12427,12149,436,2931,7805,365.8,58369,8857,70,21265
511574082,20/06/2013,6468,14/11/2023 21:32,14/11/2023 21:33,50785,24600,25574,611,2279,8215,264.82,16897,13653,63,60233
534484563,09/01/2016,7912,12/11/2023 20:44,12/11/2023 20:32,67757,35276,31576,905,2679,10610,351.9,13905,20014,62,82800
522693721,28/10/2014,7156,24/10/2023 23:30,04/11/2023 16:44,21595,11271,10070,254,2880,7700,336.19,8193,6755,64,24205
500029538,08/05/2011,7632,14/11/2023 21:05,14/11/2023 21:06,75732,39905,34853,974,3089,8651,283.38,2593,29055,63,61075
501373035,15/09/2011,8018,14/11/2023 13:37,14/11/2023 14:10,46966,24900,21428,638,2957,8150,597.51,6209,14963,71,49054
501254766,23/08/2011,8286,14/11/2023 18:57,14/11/2023 19:05,59935,31971,27274,690,3227,8934,448.94,4737,19416,70,79431
516030082,05/12/2013,7301,20/10/2023 21:23,20/10/2023 21:30,10066,5225,4649,192,2556,6473,302.8,4433,3877,66,9026
523197062,18/08/2015,9560,14/11/2023 16:59,14/11/2023 16:57,5840,3485,2266,89,2784,10252,678.57,2417,2136,78,9417
524202121,20/12/2014,7816,15/11/2023 00:21,15/11/2023 00:22,22533,12068,10200,265,2571,7629,373.14,2433,7991,65,26276
509710990,31/03/2013,7900,28/10/2023 20:22,28/10/2023 20:21,36729,19339,16871,519,2687,9122,364.65,12049,11502,64,45177
508766359,07/06/2013,7903,28/10/2023 20:45,28/10/2023 20:38,23298,12577,10489,232,2853,8157,499.56,9489,7279,71,24235
511906972,10/08/2013,7624,14/11/2023 22:57,14/11/2023 23:09,9665,5045,4431,189,2483,7100,172.22,2433,3710,65,7195
519765672,07/06/2014,6272,13/11/2023 22:06,14/11/2023 21:44,26690,13856,12542,292,2987,8462,245.16,57937,5072,72,46227
505292469,29/09/2012,6907,14/11/2023 23:31,14/11/2023 23:30,39161,20319,18329,513,2683,8162,344.78,19217,10272,69,48019
674720951,15/06/2023,0,01/01/1970 02:00,13/09/2023 12:54,0,0,0,0,0,0,0.0,,0,0,0
532203211,01/11/2015,7171,14/11/2023 20:54,14/11/2023 20:51,67908,34393,32659,856,2894,10673,516.52,13905,16696,72,62067
529460941,17/07/2015,6611,23/05/2020 22:03,23/05/2020 22:03,6014,3126,2825,63,2574,5488,296.53,16897,1951,58,5913
558323411,30/10/2018,8754,18/04/2023 18:06,18/04/2023 19:45,30882,17141,13291,450,2850,7282,463.83,13857,9895,65,35383
523522772,15/11/2014,6953,12/11/2023 22:50,12/11/2023 22:50,27742,14704,12756,282,2544,10052,275.49,15905,8590,72,31504
517660196,08/02/2014,6303,12/11/2023 22:38,12/11/2023 22:30,2415,1260,1123,32,2360,7799,537.18,16961,675,68,2548
523187421,04/11/2014,8414,10/11/2023 23:33,11/11/2023 02:29,57028,31273,24999,756,2747,10262,324.51,5265,15010,71,77172
522754782,13/10/2014,6537,30/08/2023 20:03,30/08/2023 20:06,67381,34717,31825,839,2600,9438,316.17,58369,17150,63,70799
602141409,14/12/2022,8212,14/11/2023 18:48,14/11/2023 18:46,4475,2473,1915,87,2600,8824,487.05,4737,1511,69,5068
528883429,10/06/2015,7728,12/11/2023 14:21,12/11/2023 14:19,2160,1287,831,42,3035,8457,430.44,22801,804,67,1971
518766824,04/04/2014,7615,14/11/2023 22:50,14/11/2023 22:49,27601,14624,12697,280,2832,10485,420.96,9489,7609,68,35789
503673065,24/05/2012,6968,07/11/2023 06:19,07/11/2023 06:25,86124,44184,40768,1172,2786,7677,358.71,2417,25355,66,83058
523069165,30/10/2014,6546,12/11/2023 22:42,12/11/2023 22:44,16811,8383,8212,216,2516,8860,486.81,16961,4023,71,19927
517965561,21/02/2014,9688,15/11/2023 02:13,15/11/2023 02:14,46178,25355,20321,502,2988,10205,403.29,46849,18887,69,55602
509532925,24/03/2013,7195,13/11/2023 21:53,14/11/2023 20:14,69536,35181,33353,1002,2658,8989,231.16,19217,20460,66,82292
597235072,18/09/2020,9059,13/09/2023 13:45,13/09/2023 13:43,11792,6651,4933,208,2921,11286,835.51,2929,2926,77,15571
532899076,27/11/2015,8769,14/11/2023 22:41,14/11/2023 22:40,8557,4820,3610,127,2579,7869,352.02,3473,2974,70,10148
525525255,10/01/2015,9035,23/09/2023 19:42,30/10/2023 20:13,10027,5711,4177,139,2600,8584,438.45,2929,3806,72,12744
582985992,11/09/2021,8845,14/11/2023 20:51,14/11/2023 21:47,4616,2839,1714,63,2777,9943,502.78,15697,1314,77,8641
508767510,26/02/2013,6241,14/11/2023 23:09,14/11/2023 23:41,46411,23302,22644,465,2402,7516,423.14,2417,13007,67,40862
566004525,19/11/2019,7773,19/07/2023 13:31,19/07/2023 14:18,9621,5092,4389,140,2933,7167,421.05,60225,2965,72,12337
564213560,12/08/2019,7282,11/05/2023 00:34,21/05/2023 20:18,12232,6296,5762,174,2777,7569,550.52,22017,3805,66,12889
528898878,12/06/2015,8913,15/11/2023 00:56,15/11/2023 01:10,29811,16617,12830,364,3060,8776,405.63,8241,10837,64,30740
517222208,17/01/2014,7121,13/09/2023 00:04,13/09/2023 00:04,48690,25409,22750,531,3222,8886,474.97,12049,11696,68,56201
527422788,04/04/2015,8566,14/11/2023 00:58,14/11/2023 00:58,31894,17372,14112,410,2982,9320,294.38,50193,8900,65,54666
502629203,03/03/2012,7242,14/11/2023 17:40,14/11/2023 18:48,90203,46593,42317,1293,2741,8627,276.08,13569,28158,62,94517
508463957,15/02/2013,7332,14/11/2023 20:20,14/11/2023 21:49,53975,27932,25513,530,2935,8268,464.69,46849,14406,74,66878
535406427,11/02/2016,7989,31/03/2023 22:50,22/10/2023 19:04,17298,9238,7877,183,2681,7878,379.24,10785,5484,70,18558
515741021,27/11/2013,6950,14/11/2023 00:50,14/11/2023 23:22,47082,24461,22168,453,2709,7616,365.49,47121,13461,66,61602
523037022,29/10/2014,9412,13/11/2023 21:59,13/11/2023 23:19,36432,20596,15265,571,2906,10199,306.92,6209,11432,68,44776
510553829,19/06/2013,5014,14/11/2023 20:55,14/11/2023 20:57,39336,18856,19920,560,2372,7405,386.57,19217,6236,59,47769
512777065,04/08/2013,8349,13/11/2023 21:52,14/11/2023 22:58,109188,57430,50239,1519,2750,9710,491.18,46849,39134,65,110420
537294700,18/04/2016,9031,14/11/2023 21:52,14/11/2023 21:53,31260,17592,13212,456,2789,9604,359.73,13089,11578,63,31576
513143661,14/08/2013,9207,14/11/2023 00:13,14/11/2023 00:14,58775,32120,25973,682,3167,8704,292.08,60977,20898,71,91162
508633457,21/02/2013,7716,15/11/2023 10:02,15/11/2023 10:20,31285,15927,15018,340,2571,8407,388.56,14881,9839,73,29804
501721973,13/11/2011,8054,14/11/2023 20:47,14/11/2023 20:45,45196,23817,20694,685,2753,8971,468.99,13905,13902,69,56085
515288447,15/11/2013,9571,08/10/2023 19:02,08/10/2023 19:31,62024,33887,27469,668,3416,9993,480.1,13905,20875,68,69694
502565760,25/02/2012,9194,02/10/2023 16:22,02/10/2023 23:45,32325,17861,13999,465,2905,9224,459.08,13089,11089,73,46280
500572553,26/04/2011,8061,14/11/2023 23:56,15/11/2023 00:00,92245,49892,41105,1248,2483,7782,362.97,15697,27626,71,115004
556268938,18/07/2018,10543,14/11/2023 22:29,14/11/2023 22:27,36878,21654,14738,486,3023,9757,397.56,5505,13830,76,51394
520448911,03/07/2014,7763,05/11/2023 22:01,05/11/2023 22:15,47397,24531,22275,591,2594,7724,246.35,50193,15981,71,41369
515876263,01/12/2013,7200,12/11/2023 22:12,12/11/2023 22:08,23962,12183,11442,337,2909,8399,424.98,13905,8327,62,19254
575727530,05/12/2020,6942,14/11/2023 16:34,14/11/2023 21:39,13847,7236,6419,192,2795,7174,516.45,12049,3164,59,18662
510415276,30/04/2013,6929,24/09/2023 21:52,26/09/2023 20:04,22151,11345,10518,288,2816,9776,269.54,19217,5519,68,30305
527835573,18/04/2015,6630,15/08/2023 23:05,15/08/2023 23:12,33506,16982,16145,379,2571,7428,261.61,12049,10837,62,33100
509112248,07/06/2013,8269,12/11/2023 13:23,12/11/2023 13:21,10037,5454,4408,175,2714,8938,405.71,3681,3276,73,12261
523166149,03/11/2014,7008,11/11/2023 15:40,11/11/2023 15:46,19617,10207,9188,222,2771,8133,364.9,52561,5825,62,17738
548519878,02/07/2017,8363,14/11/2023 20:35,14/11/2023 23:35,3700,2121,1508,71,2591,6919,140.82,14609,1467,70,6196
502699463,11/03/2012,9020,14/11/2023 23:39,14/11/2023 23:38,94786,50181,43279,1326,2705,9399,486.26,16913,36737,73,117068
522786761,15/10/2014,8136,23/05/2023 19:19,23/05/2023 19:19,67996,35206,31904,886,2723,8497,315.23,15617,21613,67,82686
532855246,25/11/2015,8485,10/11/2023 23:01,10/11/2023 23:09,53858,29301,23952,605,2939,9990,322.85,13569,15704,74,68149
672955343,14/04/2023,4605,02/09/2023 18:34,02/09/2023 18:33,1838,879,912,47,2012,5523,623.63,60481,498,56,1162
516779987,28/12/2013,8754,13/11/2023 20:25,13/11/2023 20:21,31812,17484,13907,421,2757,10397,715.68,12049,7707,73,46159
516706262,26/12/2013,5224,14/11/2023 23:43,15/11/2023 01:08,28263,13505,14370,388,2441,7419,378.42,13857,8570,68,19209
508580829,19/02/2013,6657,12/11/2023 20:44,12/11/2023 20:58,43753,22424,20699,630,2436,8144,334.55,57937,13159,63,39240
518868446,10/04/2014,8524,15/11/2023 02:08,15/11/2023 02:53,40162,22043,17746,373,2607,10935,535.53,10785,11243,70,56941
514978789,02/11/2013,7054,06/11/2023 19:40,06/11/2023 19:46,37484,19510,17490,484,3038,8071,256.49,14609,10538,65,49548
500088807,06/05/2011,7738,14/11/2023 05:43,15/11/2023 04:41,21909,11607,9961,341,2916,8363,309.66,3681,8405,67,21214
510086120,18/04/2013,8020,04/11/2023 01:48,04/11/2023 01:46,16914,8935,7806,173,2562,10043,670.81,13857,5066,73,22434
512977903,09/08/2013,7122,15/11/2023 00:19,15/11/2023 00:21,53547,27439,25577,531,2820,8059,244.17,13905,19217,70,40309
553389563,15/02/2018,6956,14/11/2023 21:52,14/11/2023 21:53,45941,23306,21968,667,2975,8942,541.62,13857,12151,68,49086
591462911,21/08/2022,7508,23/09/2023 23:50,24/09/2023 17:26,2883,1591,1249,43,2528,7440,392.47,15697,1072,57,3749
540572416,14/09/2016,7612,07/05/2023 20:35,07/05/2023 20:36,13449,6946,6290,213,2352,7979,185.48,13089,5244,67,9621
513478022,24/08/2013,8281,13/11/2023 22:34,13/11/2023 22:35,44981,23313,21099,569,2907,9161,522.39,19217,14997,78,43360
503278723,27/04/2012,5039,05/11/2023 22:20,05/11/2023 22:21,35331,17017,17838,476,2142,7743,321.51,13569,9575,58,30765
500532102,19/04/2011,9348,22/03/2021 01:10,13/07/2022 02:13,69072,38431,29827,814,3018,9056,476.42,3649,19241,76,126205
532941548,28/11/2015,8843,14/11/2023 21:34,14/11/2023 21:31,87758,48034,38775,949,3029,9491,451.2,46849,25530,74,96469
516683287,25/12/2013,7266,13/11/2023 23:10,13/11/2023 23:10,38877,20286,18144,447,2655,9722,410.19,57937,14652,67,29511
602010052,11/12/2022,7562,12/10/2023 22:18,12/10/2023 22:20,4613,2548,2007,58,2780,6256,480.81,1921,1483,73,4379
524923650,25/01/2016,4068,10/11/2023 16:52,10/11/2023 17:01,9821,4549,5158,114,2412,6244,331.49,13137,2064,50,8717
601948559,10/12/2022,5170,03/07/2023 23:52,12/10/2023 20:47,2323,1143,1148,32,2727,5741,493.55,60209,534,68,2151
533534956,17/12/2015,8853,11/09/2023 00:56,29/10/2023 20:45,28786,16194,12326,266,2948,9756,517.56,2929,7986,72,42788
500605715,02/05/2011,6637,28/10/2023 13:33,28/10/2023 13:35,11354,5959,5281,114,2621,7608,493.84,7937,2762,67,13602
512962964,09/08/2013,9351,06/08/2023 09:57,12/11/2023 17:32,54474,30551,23429,494,3189,9389,326.77,19217,17071,74,95893
500345879,12/04/2011,10417,10/07/2023 23:47,10/07/2023 23:46,58183,33744,23462,977,2922,13570,582.68,13905,22278,71,80819
509196824,11/03/2013,9130,14/11/2023 13:23,14/11/2023 13:43,31639,16601,14766,272,2595,8444,503.67,7169,9487,74,36539
542395673,27/11/2016,7136,12/11/2023 20:56,14/11/2023 22:57,39795,20777,18506,512,2810,9285,115.69,46849,15935,45,20347
535554586,16/02/2016,1852,20/02/2023 14:20,21/02/2023 14:15,285,142,139,4,1478,2007,49.25,3105,61,47,170
527840367,18/04/2015,6517,13/11/2023 23:15,14/11/2023 22:35,18058,9065,8705,288,2573,6999,401.48,14609,5542,62,15692
506763935,02/12/2012,7390,13/11/2023 23:16,13/11/2023 23:13,7756,4018,3621,117,2729,9604,554.3,6193,2183,74,10287
505854752,02/11/2012,6077,14/11/2023 08:43,14/11/2023 08:43,6125,3079,2933,113,2468,6737,590.37,61729,1419,64,6295
503620257,19/05/2012,7979,14/11/2023 21:59,14/11/2023 22:01,33425,18018,15038,369,2901,7841,284.89,14881,9372,75,54454
509104198,09/03/2013,8589,14/11/2023 20:33,14/11/2023 20:35,28535,15647,12618,270,2955,8771,494.74,9489,8025,67,46608
508533030,17/02/2013,3579,14/11/2023 20:47,14/11/2023 20:44,22093,10135,11756,202,2294,5160,349.14,13905,5106,66,14531
526937461,11/03/2015,5436,13/11/2023 20:43,13/11/2023 20:37,40000,19590,19963,447,2477,7507,311.59,19217,8925,67,45392
519091498,27/04/2014,9533,14/11/2023 20:34,14/11/2023 20:32,29594,17395,11879,320,2802,8494,593.18,2593,8955,74,32847
527469630,05/04/2015,8496,05/06/2023 22:38,27/06/2023 13:10,37547,20239,16993,315,2660,8344,368.69,3681,9001,71,59927
511414700,13/06/2013,6331,01/10/2023 13:31,02/11/2023 14:38,18775,9808,8779,188,2070,7327,383.41,15697,5142,71,19883
509472431,21/03/2013,5465,15/11/2023 00:22,15/11/2023 00:24,18692,9293,9200,199,2690,9408,438.61,9297,4367,66,20578
512606000,30/07/2013,6136,25/10/2023 20:40,31/10/2023 20:52,24403,12603,11588,212,2633,7806,403.65,2593,5233,64,29120
525662387,15/01/2015,5075,14/11/2023 21:00,14/11/2023 20:58,18635,9148,9350,137,2708,6496,301.64,4737,4089,65,26668
602006708,11/12/2022,6055,01/11/2023 14:02,01/11/2023 14:30,1301,693,594,14,3363,5834,737.72,3185,340,79,1485
528965942,16/06/2015,7667,15/11/2023 09:55,15/11/2023 09:46,24241,12976,11062,203,2901,8950,292.61,15697,5172,74,37170
509962825,12/04/2013,9298,19/01/2022 17:58,26/01/2022 21:28,33950,18857,14754,339,3276,8436,453.04,15697,10512,72,50458
571169780,24/05/2020,5873,19/02/2022 23:03,20/02/2022 00:44,971,555,404,12,2573,4862,201.12,5377,246,67,2130
503994300,24/06/2012,6115,27/03/2022 02:50,25/06/2023 18:30,1295,711,566,18,3225,7112,729.37,44289,312,78,1452
504916413,07/09/2012,7934,11/11/2023 23:29,11/11/2023 23:30,19175,10424,8598,153,2990,7220,309.92,16657,6121,65,23635
510424382,01/05/2013,11300,23/09/2022 22:41,24/09/2022 18:32,61523,37547,23433,543,3141,12271,416.49,2417,20617,80,105986
509059647,07/03/2013,6692,13/09/2022 22:00,13/09/2022 21:55,28755,14698,13813,244,2495,8716,278.35,6929,8811,62,26355
529736384,27/07/2015,7978,23/01/2023 11:11,23/01/2023 11:12,8007,4301,3608,98,2592,7430,448.23,2433,2571,70,8897
527335230,31/03/2015,5507,03/09/2023 23:01,03/09/2023 23:53,6992,3719,3206,67,1821,3949,175.21,5377,2297,60,5764
566247750,30/11/2019,9204,06/11/2023 01:04,06/11/2023 01:00,18080,10294,7529,257,2877,8914,150.05,2417,5175,70,38295
501054021,27/07/2011,8750,20/02/2023 17:37,20/02/2023 18:23,55339,30024,24648,667,3311,9536,429.21,13889,15839,73,82738
500454982,14/04/2011,6547,02/12/2022 17:19,02/12/2022 17:17,5036,2676,2292,68,2612,6026,465.62,7937,1519,69,5068
542367550,18/05/2017,7584,15/11/2023 00:35,15/11/2023 00:32,28366,15067,13036,263,3008,8866,640.42,19473,5974,74,38767
525094228,29/12/2014,7638,15/11/2023 12:25,15/11/2023 12:25,51035,27340,23185,510,2757,8912,400.03,16897,13191,67,79755
502550601,23/02/2012,5077,13/11/2023 00:02,14/11/2023 16:45,20841,10380,10248,213,2341,5583,305.37,4433,4922,68,18494
680278396,08/10/2023,4417,05/11/2023 11:31,05/11/2023 11:39,350,198,146,6,2640,3813,36.05,16161,174,56,339
564940130,08/05/2020,5904,29/10/2023 15:45,01/11/2023 13:13,11984,5923,5879,182,2784,7206,582.94,2433,2793,67,10308
525213774,01/01/2015,7961,29/06/2023 00:57,29/06/2023 00:58,31771,17250,14097,424,2738,8619,517.44,13905,8467,67,45774
512836559,06/08/2013,6897,15/11/2023 11:29,15/11/2023 11:30,83693,42050,40704,939,2975,8400,567.97,2929,22972,71,74070
508561616,18/02/2013,5752,11/11/2023 23:23,11/11/2023 23:27,34856,17360,17105,391,2523,7822,435.72,12049,8658,69,36491
535774033,24/02/2016,4781,09/12/2022 17:51,09/12/2022 18:47,8457,4233,4157,67,2126,4770,403.44,19713,1612,68,8809
543111634,17/12/2016,8610,09/11/2023 12:34,09/11/2023 12:29,17639,9739,7690,210,2676,10085,284.15,13905,5394,70,24437
518300116,09/03/2014,7775,29/01/2022 22:36,29/01/2022 22:37,25811,13826,11693,292,2523,7772,256.88,3937,7452,59,40788
510736857,14/05/2013,6372,15/11/2023 12:52,15/11/2023 12:58,41727,21211,20036,480,2627,7656,339.22,2417,9542,71,55417
591333338,16/08/2022,2500,17/08/2022 00:06,17/08/2022 00:02,76,42,30,4,1121,1193,64.18,1825,30,71,106
535773915,24/02/2016,7683,14/11/2023 19:20,14/11/2023 19:37,32121,17418,14376,327,2703,7331,315.08,45057,10135,67,41909
562651531,16/05/2019,5801,28/10/2023 01:04,28/10/2023 20:43,9415,4675,4584,156,2592,6945,654.05,2433,2073,70,10123
508297381,07/02/2013,4169,05/11/2023 17:07,05/11/2023 17:07,12525,6087,6338,100,1770,5210,185.69,16657,3188,61,7700
575602000,29/11/2020,4102,09/06/2022 22:01,09/06/2022 21:59,2410,1114,1256,40,2052,4282,479.04,45057,595,59,1600
526185474,06/02/2015,7172,11/11/2022 16:22,11/11/2022 16:23,19646,10506,9000,140,2657,8359,309.88,13857,5069,70,27434
543090788,16/12/2016,8108,10/11/2023 20:44,11/11/2023 18:23,5482,3110,2312,60,2834,7432,365.31,13089,1672,75,9385
505683301,23/10/2012,7414,01/10/2023 14:51,01/10/2023 15:11,20282,10651,9411,220,2837,7984,370.18,2721,5904,72,20378
567319142,10/01/2020,9651,14/11/2023 21:39,14/11/2023 21:40,15596,9185,6125,286,2810,9653,286.39,20225,5914,62,20553
519852777,14/06/2014,8215,14/11/2023 22:38,14/11/2023 22:40,80559,42921,36749,889,2978,9279,457.85,60497,18387,72,141849
500160492,17/05/2011,4423,12/09/2023 16:44,12/09/2023 16:48,13578,6395,7046,137,2087,5240,487.63,8193,3069,67,13915
523681263,21/11/2014,7304,16/05/2023 02:46,16/05/2023 02:44,18354,9599,8532,223,2600,9138,569.44,2593,5489,67,18778
677126740,28/08/2023,5020,09/11/2023 19:07,09/11/2023 19:11,997,499,481,17,2180,5842,292.76,14865,267,70,811
535456626,13/02/2016,4864,29/10/2023 11:38,29/10/2023 11:54,4274,2196,2039,39,2331,4926,191.72,5137,1071,65,4503
513605619,28/08/2013,8505,30/12/2022 09:43,01/02/2023 07:23,48131,26157,21423,551,2696,9346,429.42,13889,16136,71,53258
528636532,24/05/2015,7384,08/07/2022 20:51,08/07/2022 20:49,15163,7905,7088,170,2580,7635,359.34,4385,4573,72,16504
501594485,22/10/2011,7660,27/06/2023 22:50,26/10/2023 23:15,17726,9491,8008,227,3126,8013,519.17,2433,4150,71,28581
586803702,18/02/2022,3702,10/06/2022 17:14,10/06/2022 17:09,1286,595,674,17,2076,3511,335.4,5377,355,62,574
500520953,17/04/2011,5557,11/11/2023 19:38,11/11/2023 19:47,24681,12342,11971,368,2455,6341,339.37,7953,6754,61,24624
511660412,23/06/2013,6970,28/01/2023 19:30,28/01/2023 19:38,31506,16496,14707,303,2645,8157,323.07,19217,9062,68,29743
578463741,17/03/2021,8892,07/11/2023 14:16,07/11/2023 14:18,3599,2235,1313,51,2799,9586,530.03,2929,1467,73,5970
518894080,12/04/2014,10235,14/11/2023 22:52,14/11/2023 23:08,48768,28264,20036,468,3387,12317,610.54,13857,11737,72,94840
502232587,26/01/2012,11626,03/08/2021 22:54,03/08/2021 22:56,44909,28345,16015,549,3552,10358,794.18,14609,20237,78,78112
502538277,22/02/2012,10913,25/11/2021 21:00,25/11/2021 21:07,27680,16518,10855,307,3090,9589,540.01,13825,9649,76,48268
501519914,08/10/2011,11225,14/11/2023 19:51,14/11/2023 19:46,90011,54610,34439,962,3498,12461,781.79,57937,27166,77,173843
571886126,26/06/2020,9604,14/10/2023 16:26,14/10/2023 16:26,3702,2415,1235,52,2972,10455,943.53,14609,1680,80,6753
513871424,09/09/2013,11759,11/11/2023 17:47,14/11/2023 19:30,40719,23643,16683,393,3126,12716,659.8,46849,11956,68,69009
533985353,28/12/2015,11522,14/11/2023 20:43,14/11/2023 21:07,44120,27732,15959,429,3470,10504,564.02,62257,17994,73,74228
505970765,10/11/2012,10804,21/12/2022 22:38,21/12/2022 22:40,25448,16276,8845,327,3152,9794,482.52,3649,11911,75,37389
516911700,02/01/2014,10712,12/11/2023 22:31,13/11/2023 23:45,39582,23119,16176,287,2996,10530,542.86,57937,10278,78,76988
524000355,03/12/2014,8771,19/02/2017 09:53,19/02/2017 09:55,5558,3384,2128,46,2929,8039,145.27,3649,2195,72,10878
570713198,07/05/2020,9050,30/06/2023 03:07,13/10/2023 20:57,3853,2342,1451,60,3378,9492,783.45,3473,1333,78,6107
517905020,13/05/2014,8674,15/11/2023 00:06,15/11/2023 00:09,37571,20505,16632,434,3008,11510,803.17,57937,8405,74,67207
510621888,09/05/2013,6531,29/10/2023 15:07,29/10/2023 15:26,27169,14377,12616,176,2271,9128,253.89,14881,7790,59,31210
525993092,28/01/2015,11069,12/11/2023 13:52,13/11/2023 11:17,21459,13626,7364,469,3083,11286,476.69,6929,12214,73,23317
501524101,08/10/2011,10521,25/09/2023 20:36,25/09/2023 20:39,66462,39450,26195,817,2838,11276,797.2,9297,27075,75,69089
504573584,15/08/2012,10182,01/04/2023 14:29,25/09/2023 18:20,12621,7792,4710,119,2972,10168,757.12,14113,4556,74,17626
515369105,17/11/2013,10842,15/11/2023 11:01,15/11/2023 11:02,39975,24241,15165,569,4085,10367,437.25,57937,14449,71,63859
504325267,24/07/2012,11720,14/11/2023 22:56,15/11/2023 09:46,62528,43494,18437,597,4101,11100,454.54,20225,30729,74,103239
529834649,02/08/2015,9380,29/08/2022 00:53,29/08/2022 01:01,32651,18448,13873,330,3288,11265,401.5,2433,11587,59,35441
575680155,03/12/2020,9305,28/10/2023 21:52,03/11/2023 03:28,3330,2180,1100,50,3090,10451,730.61,10257,1447,80,6830
568167583,17/02/2020,4469,14/10/2021 20:52,14/09/2023 23:05,327,202,123,2,2366,7321,463.21,2465,105,80,526
500103840,13/04/2011,11851,13/09/2023 16:27,13/09/2023 16:28,30267,19947,9996,324,3271,11122,570.1,12305,15522,77,54342
512227489,17/07/2013,11128,28/08/2023 23:14,28/08/2023 23:14,46515,28391,17617,507,2879,10556,558.66,3681,16934,78,75820
594864293,10/02/2020,11010,22/09/2023 01:03,16/10/2023 02:37,9667,6299,3227,141,2996,12050,703.04,2929,3354,81,22229
514600621,16/10/2013,5075,12/02/2018 20:27,02/03/2022 00:27,1075,623,435,17,1674,3561,40.77,11553,351,60,1259
500964014,08/07/2011,12345,07/11/2023 22:38,10/11/2023 14:53,95596,62406,32137,1053,3828,12041,631.44,58641,42055,76,171253
508785852,26/02/2013,10635,13/11/2023 23:51,13/11/2023 23:48,37311,22460,14483,368,3108,12456,568.83,58641,11947,73,61805
538159806,25/05/2016,11264,28/10/2023 13:33,28/10/2023 13:28,14172,9348,4645,179,3173,10343,438.6,57937,5701,78,29534
511322304,09/06/2013,7785,14/11/2023 20:28,14/11/2023 20:28,2053,1255,776,22,2502,8145,430.53,15617,726,73,3458
516746956,28/12/2013,7168,14/11/2023 23:17,14/11/2023 23:14,73340,37481,35340,519,3273,11274,387.0,58369,18464,68,79396
500964560,08/07/2011,11155,09/07/2020 23:27,15/09/2020 15:09,15919,9975,5697,247,3066,12052,669.31,13569,6988,74,23854
556912932,28/08/2018,10439,11/11/2023 21:50,11/11/2023 21:49,8005,5572,2350,83,3699,11048,561.83,57937,4061,75,11427
582394077,15/08/2021,10273,01/10/2023 16:57,05/11/2023 00:33,5804,3839,1875,90,3474,11092,1008.43,60977,2194,82,11300
507715302,09/01/2013,11321,15/11/2023 12:40,15/11/2023 12:58,36757,23173,13156,428,3984,10642,474.23,13825,13104,78,69120
508402923,13/02/2013,10264,09/11/2023 03:31,09/11/2023 03:50,23502,13582,9671,249,3176,10466,563.76,14113,7543,74,35563
503425775,05/05/2012,9746,11/03/2021 23:33,11/03/2021 23:27,17432,10833,6325,274,2489,11404,234.51,16913,7133,70,20975
507085553,12/12/2012,10858,05/03/2023 11:59,29/03/2023 01:48,30930,18615,11997,318,3052,9890,605.24,13905,11578,77,43600
524729079,22/12/2014,11656,14/11/2023 21:43,14/11/2023 21:44,30870,20401,10111,358,3282,11278,374.99,19969,17133,68,36237
538754302,21/06/2016,11661,28/09/2023 04:22,07/11/2023 16:41,35012,22150,12504,358,3090,12677,552.9,12049,14288,74,48757
565113216,04/10/2019,8144,23/09/2023 17:39,23/09/2023 17:39,2084,1299,755,30,2934,10557,447.55,57937,850,78,2933
501094149,04/08/2011,12267,13/11/2023 17:31,13/11/2023 17:32,55793,35885,19212,696,3527,11491,503.44,10257,25471,77,89780
503474953,08/05/2012,11143,14/11/2023 23:28,14/11/2023 23:49,44797,28057,16236,504,3275,11571,590.06,9297,18205,71,82445
504435476,03/08/2012,11356,12/11/2023 22:41,12/11/2023 22:42,31897,20698,10898,301,3132,12222,704.97,13825,12897,81,61067
502353625,07/02/2012,10995,14/11/2023 20:37,14/11/2023 20:58,17637,10422,7036,179,3051,13037,644.37,57937,5896,81,28592
500089624,13/04/2011,10925,09/06/2023 21:58,05/11/2023 18:25,43839,27241,16047,551,3097,10081,660.92,20225,16526,76,58884
507799428,14/01/2013,10495,10/06/2023 13:43,23/07/2023 18:43,24631,14412,10030,189,3287,9961,338.07,16897,8280,73,35010
515908741,01/12/2013,10548,22/10/2023 10:28,23/10/2023 16:21,22325,13977,8129,219,3055,12074,798.08,15697,8772,77,36876
507441444,27/12/2012,10735,14/11/2023 21:28,14/11/2023 21:22,57379,34449,22369,561,3387,11995,469.25,3473,15558,77,127459
518482213,18/03/2014,10607,23/10/2023 18:40,23/10/2023 18:41,23087,13089,9799,199,2988,11939,641.27,13905,9397,78,27172
505903407,05/11/2012,10866,04/11/2023 18:39,04/11/2023 18:36,39843,24940,14445,458,3186,9600,533.69,57937,15823,75,65775
500283696,12/04/2011,11008,19/07/2023 19:31,07/10/2023 21:00,39151,25497,13101,553,3597,10868,489.31,8193,18136,71,70933
525873466,23/01/2015,11950,19/12/2022 23:09,19/12/2022 23:06,14878,9204,5554,120,2817,9384,623.77,19969,5737,79,27308
511584575,20/06/2013,11824,14/11/2023 18:03,14/11/2023 18:03,40969,26261,14312,396,3420,11806,588.41,46849,21110,78,60339
509822278,06/04/2013,11150,07/11/2023 00:31,07/11/2023 00:29,33736,22116,11270,350,3447,10817,351.55,19969,12322,80,66963
501615946,26/10/2011,11596,12/11/2023 01:51,12/11/2023 22:50,70085,44377,25013,695,2997,11016,627.17,57937,27949,79,121978
600693583,17/11/2022,8551,14/11/2023 20:21,15/11/2023 01:20,2519,1624,856,39,3275,11867,773.85,16961,1175,80,3503
597630288,12/06/2013,12329,04/01/2022 01:52,13/11/2023 17:31,31478,21101,10001,376,3260,12949,620.35,6193,14166,79,59260
501644119,31/10/2011,11361,05/11/2023 23:33,05/11/2023 23:31,58279,37476,19915,888,3720,10586,407.88,13905,25355,76,88724
518935392,24/04/2014,10129,25/12/2021 02:47,27/09/2023 08:43,6951,4547,2346,58,3189,9786,470.65,57937,3050,79,12038
580439905,22/05/2021,10040,12/11/2023 00:52,12/11/2023 00:54,4964,3212,1695,57,3540,12286,1008.07,6929,2064,81,7905
500566758,25/04/2011,10610,29/12/2022 16:11,14/11/2023 19:19,31539,19631,11464,444,2978,10795,738.78,6929,13379,72,33219
528065895,28/04/2015,11090,20/09/2023 04:38,20/09/2023 04:37,29624,18296,11130,198,3476,11344,529.09,58641,11847,79,47523
501537643,10/10/2011,12325,15/11/2023 01:56,15/11/2023 01:55,130594,86467,42418,1709,3369,11963,565.85,50849,61251,73,223603
579690356,29/04/2021,10807,12/06/2023 00:38,13/11/2023 03:36,7032,4771,2174,87,3687,11068,760.9,6209,3555,80,11180
572597624,29/07/2020,11255,13/11/2023 23:59,14/11/2023 00:01,12913,8224,4529,160,3126,12181,663.27,16961,5307,75,19379
514305404,29/09/2013,11134,14/11/2023 19:18,14/11/2023 23:31,50689,31968,18060,661,2967,11577,704.15,6193,23773,75,50592
500316543,12/04/2011,11879,12/11/2023 17:22,14/11/2023 23:33,36665,24890,11275,500,3405,10691,540.0,14881,19164,75,52027
505510784,12/10/2012,10891,19/02/2021 22:47,19/02/2021 22:48,16094,10071,5810,213,3118,10079,477.88,10785,6947,77,28128
547865835,02/06/2017,11553,14/11/2023 22:42,15/11/2023 00:05,25559,16083,9135,341,4179,11435,806.75,46849,7515,79,55764
501948292,18/12/2011,10599,22/09/2023 13:16,13/11/2023 17:12,21954,12821,8913,220,3035,12446,677.41,46849,7547,74,36861
575101830,10/11/2020,11580,15/11/2023 11:42,15/11/2023 11:43,17997,11456,6272,269,3342,11136,735.29,9009,8856,78,26537
501153788,12/08/2011,10659,10/11/2023 14:06,12/11/2023 22:53,43436,25076,17815,545,3111,11341,589.38,58369,16598,72,56869
556754831,20/08/2018,10627,14/11/2023 23:45,14/11/2023 23:41,26931,16056,10498,377,3755,11122,575.46,46849,10325,73,37324
518512025,20/03/2014,9662,30/10/2023 01:00,30/10/2023 00:58,5511,3403,2060,48,2844,13532,766.4,57937,1939,78,10492
503263131,26/04/2012,11047,04/11/2023 21:04,04/11/2023 21:02,51295,30752,19899,644,3001,11502,733.29,20225,19297,75,72624
601419678,01/12/2022,3899,07/10/2023 01:42,07/10/2023 01:31,213,146,65,2,2511,8807,1440.7,15697,110,79,328
513637792,29/08/2013,11479,11/11/2023 00:23,12/11/2023 22:29,27891,17705,9956,230,3366,11194,525.1,32001,10930,79,55310
514048838,16/09/2013,11044,14/11/2023 02:07,14/11/2023 02:07,32541,19855,12373,313,3297,13085,675.52,57937,11388,73,56280
522489256,28/09/2014,10639,04/11/2023 21:39,08/11/2023 15:46,33562,20436,12855,271,3011,11473,244.01,57937,11854,73,70495
526252460,08/02/2015,12327,14/11/2023 23:59,15/11/2023 00:11,53177,32635,19865,677,3240,11433,697.55,8289,24294,77,81570
504989115,10/09/2012,12054,22/10/2023 17:55,07/11/2023 23:01,44883,28509,15909,465,3062,11736,494.29,16961,19673,81,78927
500506045,14/04/2011,12112,30/09/2023 02:43,30/09/2023 02:44,32978,21455,11174,349,3339,12027,828.67,2929,14898,80,49523
597010377,20/08/2021,9576,07/10/2023 09:58,03/11/2023 07:35,5083,3157,1859,67,3495,9530,903.26,2929,1720,83,9351
528636372,24/05/2015,11577,14/11/2023 14:09,14/11/2023 14:45,35841,21939,13517,385,3053,12327,663.87,57937,13222,78,65660
502347735,06/02/2012,11993,12/11/2023 17:08,12/11/2023 17:08,82611,51157,30607,847,3335,11479,899.53,57937,35867,76,133080
583987162,01/11/2021,9655,15/11/2023 01:06,15/11/2023 01:06,4509,2941,1473,95,3215,9888,634.65,14609,2237,73,7080
677070304,26/08/2023,5860,14/11/2023 21:49,14/11/2023 21:50,695,460,231,4,2966,8296,830.37,15697,238,80,1179
525528553,26/01/2015,10831,14/11/2023 20:53,14/11/2023 20:49,38550,23463,14735,352,3303,11785,616.63,58673,12978,75,70017
586361327,01/02/2022,6492,28/02/2023 23:15,05/11/2023 22:25,945,583,346,16,3071,10351,405.08,15697,397,74,1463
673590696,07/05/2023,2601,09/05/2023 07:28,30/05/2023 19:56,71,40,29,2,2571,5187,1007.96,34849,21,82,106
659398647,30/03/2023,5238,12/11/2023 22:28,12/11/2023 22:31,489,333,143,13,3029,8807,499.23,50193,243,77,989
500135417,12/04/2011,12263,05/11/2023 01:22,11/11/2023 21:11,79103,51081,27100,922,3768,12976,754.1,50849,26337,80,168109
530471932,25/08/2015,10746,29/10/2023 01:18,29/10/2023 20:56,6485,4364,2036,85,3297,11289,716.16,57937,3212,77,9980
508741123,24/02/2013,8141,14/11/2023 19:19,14/11/2023 19:20,30885,16687,13852,346,2865,10048,450.68,6209,8416,72,40645
518651918,28/03/2014,7419,12/11/2023 14:15,12/11/2023 14:12,22546,11906,10374,266,2682,9785,292.4,13905,5862,67,31611
503514627,11/05/2012,7235,14/11/2023 00:01,14/11/2023 00:00,31530,15926,15190,414,2655,9702,605.87,12049,7660,71,42348
501339159,09/09/2011,8731,14/11/2023 23:56,14/11/2023 23:55,119829,65293,53101,1435,3237,12949,348.07,9489,41554,65,146394
525665543,15/01/2015,9980,15/11/2023 01:09,15/11/2023 01:10,68509,38380,29235,894,2777,10016,533.41,2929,22266,78,109565
500160047,22/04/2011,9070,15/11/2023 11:05,15/11/2023 12:21,23442,13309,9815,318,3066,9201,292.4,16913,7814,72,31180
538005043,18/05/2016,8793,14/11/2023 19:48,14/11/2023 19:50,11688,6405,5093,190,2759,9791,609.22,13905,3497,69,18375
511397438,12/06/2013,7541,16/10/2023 20:16,29/10/2023 11:17,21240,11298,9674,268,2454,8074,420.29,16961,6106,69,18532
601213536,11/10/2011,11122,11/11/2023 23:18,11/11/2023 23:12,81852,50501,30084,1267,2824,12153,604.36,16913,29143,82,112072
510855237,21/05/2013,8385,15/11/2023 11:38,15/11/2023 11:31,29388,16153,12975,260,2844,6742,394.49,58369,11003,64,32442
528062536,27/01/2017,12378,14/11/2023 17:19,14/11/2023 17:19,34799,22146,12161,492,3333,12217,774.13,8289,18286,77,58341
511452234,15/06/2013,9842,15/11/2023 01:13,15/11/2023 01:14,77527,42528,33761,1238,3080,9434,405.07,13905,29225,68,82132
546592333,31/03/2017,9507,14/11/2023 13:13,15/11/2023 13:28,28517,15935,12182,400,2981,10798,450.6,5281,10593,66,31936
502632017,03/03/2012,7254,03/07/2023 01:44,03/07/2023 01:43,5124,2632,2394,98,2427,6863,559.68,22017,1952,71,4630
523094610,01/11/2014,7957,15/11/2023 01:09,15/11/2023 01:09,85098,45679,38407,1012,2750,8060,672.75,14881,24531,65,90593
536674911,27/03/2016,7509,18/02/2023 22:37,18/02/2023 22:35,12290,6503,5629,158,2832,10025,492.93,46849,3175,75,16145
508528736,18/02/2013,11536,13/11/2023 01:49,13/11/2023 22:32,60419,38152,21595,672,3846,11660,663.14,14609,27700,72,88413
501870177,04/12/2011,8972,27/09/2023 12:05,27/09/2023 12:00,27448,15146,12012,290,2816,8466,513.5,10785,10009,76,32686
513991787,14/09/2013,7055,14/11/2023 23:22,15/11/2023 00:24,73726,37581,35293,852,2928,10849,696.98,46849,12104,74,99029
501714035,11/11/2011,12039,13/11/2023 14:50,13/11/2023 14:59,132873,82504,48650,1719,3756,12052,667.19,6209,65273,71,186766
541448309,24/10/2016,11092,17/08/2023 08:45,26/09/2023 13:26,32636,20503,11631,502,3186,9754,249.9,22017,16236,68,43478
502962295,07/04/2012,9026,15/11/2023 05:15,15/11/2023 05:16,31399,17531,13507,361,3152,12360,735.53,7169,8280,76,48923
509374072,22/03/2013,8171,13/11/2023 20:43,13/11/2023 21:58,59338,31896,26690,752,2969,8861,273.05,7425,20254,65,77358
536881273,03/04/2016,7321,14/11/2023 22:45,14/11/2023 22:54,5174,2678,2400,96,2798,8248,455.96,13905,1384,69,5892
516732546,27/12/2013,8465,15/11/2023 12:51,15/11/2023 12:49,43097,23294,19245,558,2669,8033,434.32,2929,13285,71,54578
517117578,12/01/2014,10468,15/11/2023 00:37,15/11/2023 00:35,60707,35611,24315,781,3093,9902,618.79,3473,21435,73,104709
507673744,07/01/2013,7448,14/11/2023 23:17,14/11/2023 23:43,63122,32366,29825,931,2523,9044,212.97,12369,24473,59,32984
511799442,25/08/2013,9539,15/11/2023 10:51,15/11/2023 11:02,107776,60251,46330,1195,2886,9992,360.91,9297,41932,71,121435
500284056,13/04/2011,8063,11/10/2023 19:07,11/10/2023 19:02,11005,5877,5016,112,3021,9546,589.38,13089,3154,73,12839
516554401,21/12/2013,8133,08/11/2023 20:08,08/11/2023 20:09,16161,8602,7335,224,2754,8125,370.67,12049,5872,69,21764
501277870,27/08/2011,7074,14/11/2023 23:08,14/11/2023 23:19,56269,28014,27378,877,2515,7974,405.26,13089,18516,63,53307
501142193,11/08/2011,6999,05/11/2023 22:52,05/11/2023 22:46,62646,32420,29365,861,2994,9546,385.21,2929,18021,67,56862
515489461,21/11/2013,9252,26/06/2023 00:35,05/07/2023 20:57,18235,10295,7771,169,2964,8534,514.73,58641,6719,69,26498
509244088,13/03/2013,8930,26/06/2023 16:54,21/08/2023 23:43,35358,19467,15336,555,3008,8170,202.79,2417,14117,69,37583
507680563,07/01/2013,9528,02/10/2023 00:01,02/10/2023 00:09,39701,22450,16723,528,2925,10068,825.97,3473,11655,73,66457
584386235,19/11/2021,8146,10/10/2023 22:32,13/10/2023 22:22,5675,3152,2419,104,2820,7455,812.17,3473,1613,75,8523
565434047,21/10/2019,10480,13/11/2023 22:34,14/11/2023 23:10,23355,14044,8916,395,2778,7999,346.27,1841,9381,76,31071
502117059,09/01/2012,8665,14/11/2023 22:45,14/11/2023 22:48,79144,42059,35936,1149,2859,11334,352.78,13569,26184,68,73385
554521299,03/04/2018,6156,14/11/2023 17:00,14/11/2023 17:23,33834,16564,16806,464,2702,6720,302.73,19217,10323,61,31505
574990036,05/11/2020,10814,12/11/2023 22:06,12/11/2023 22:07,25768,15267,9963,538,3036,10990,600.43,63537,11951,68,34017
509414101,20/03/2013,9504,14/11/2023 22:18,14/11/2023 22:22,36666,20600,15698,368,3249,10190,427.32,9297,12911,76,49687
555275479,13/05/2018,10205,09/11/2023 22:36,09/11/2023 22:33,6099,3846,2191,62,3011,9836,899.95,6193,1995,79,10110
548760801,14/07/2017,9962,07/11/2023 22:48,07/11/2023 22:49,11522,7177,4190,155,2934,9912,288.72,13905,5003,62,10055
519886052,17/06/2014,8759,12/11/2023 23:54,13/11/2023 22:29,64083,33490,30051,542,3065,9920,498.3,2433,20503,66,66590
513201896,16/08/2013,10440,14/11/2023 11:49,14/11/2023 11:48,56158,33528,22098,532,3234,12199,719.48,3681,16880,78,109620
516745596,27/12/2013,9744,12/11/2023 20:57,12/11/2023 22:10,43981,24969,18597,415,2899,9219,426.54,62753,15068,71,58138
511292138,09/06/2013,7032,28/03/2023 20:38,30/03/2023 01:25,17723,8973,8507,243,2919,8491,433.65,16913,5963,65,11180
511046379,29/05/2013,9469,14/11/2023 20:38,14/11/2023 20:38,65713,35869,29046,798,2606,8986,469.03,13905,24566,71,70827
510553325,06/05/2013,8473,14/11/2023 18:58,14/11/2023 18:57,12867,6883,5826,158,2744,9095,758.76,13857,5174,69,9943
513332982,19/08/2013,8408,28/10/2023 16:19,28/10/2023 16:14,58391,31341,26408,642,2615,9452,585.96,9297,13463,81,85497
513261831,17/08/2013,8005,14/11/2023 18:57,14/11/2023 18:54,9652,5330,4241,81,2472,7443,543.8,14881,2519,72,15474
518992139,19/04/2014,10007,06/11/2023 20:49,06/11/2023 20:51,9846,5908,3788,150,3033,9413,522.51,14609,3334,72,14570
511551247,03/07/2013,10061,09/11/2023 15:58,09/11/2023 15:57,33474,19450,13673,351,3200,10135,524.65,2433,11330,64,49438
598057233,12/10/2022,9415,14/11/2023 17:41,14/11/2023 17:42,25006,13919,10489,598,3246,9866,442.97,9297,6901,70,47719
517475716,31/01/2014,9485,06/11/2023 00:46,06/11/2023 00:48,81813,46261,34745,807,2889,9669,438.03,6193,25018,72,150633
557572387,30/09/2018,7728,26/08/2023 02:56,26/08/2023 02:56,13012,6861,5973,178,2805,8367,437.32,4737,3648,70,16925
550337318,02/10/2017,8385,14/11/2023 23:21,14/11/2023 23:29,36378,19665,16197,516,2994,9512,340.65,58369,9814,67,45099
510971696,25/05/2013,8445,15/11/2023 13:04,15/11/2023 13:05,46524,24619,21312,593,2837,8757,412.45,12049,18109,73,50647
509538867,24/03/2013,7921,15/11/2023 12:21,15/11/2023 12:22,18389,9851,8313,225,2828,7194,360.67,15697,5771,71,23479
556425025,28/07/2018,7575,15/10/2023 23:53,15/10/2023 23:50,2418,1407,976,35,2279,7252,319.46,3649,1035,69,3711
553393889,17/02/2018,9964,08/11/2023 15:07,08/11/2023 15:05,18112,10435,7455,222,2745,9369,647.48,57937,6000,74,27127
503591241,17/05/2012,9089,15/11/2023 00:10,15/11/2023 00:12,66592,36126,29722,744,3386,9123,507.2,61985,17487,68,93679
503835995,08/06/2012,10005,07/05/2023 01:23,29/05/2023 01:51,48639,28204,19780,655,3114,7838,385.45,4737,20307,69,58500
526786925,03/03/2015,10034,15/11/2023 01:48,15/11/2023 01:48,48101,28935,18679,487,3123,8705,383.49,12305,14624,75,85118
516671342,24/12/2013,6453,14/11/2023 20:54,14/11/2023 20:56,67528,34077,32740,711,2790,9769,353.61,16961,16835,62,79839
585133436,20/12/2021,6076,03/09/2023 20:53,03/09/2023 20:45,962,560,385,17,2658,9296,298.94,2433,337,65,1531
509717891,01/04/2013,7924,24/07/2022 19:50,02/02/2023 19:16,21796,11675,9928,193,2348,7925,550.22,12049,6706,75,22929
509588356,26/03/2013,7610,14/11/2023 23:18,14/11/2023 23:22,61965,32204,29008,753,2699,8278,450.76,9297,17148,69,79534
519329165,06/10/2014,7097,11/04/2023 00:12,08/08/2023 18:37,1410,894,501,15,2639,10256,455.94,16961,490,76,2536
544912795,29/01/2017,10088,15/11/2023 00:00,15/11/2023 00:15,75527,42754,31625,1148,3534,10383,180.96,9297,25326,57,171997
528422302,26/08/2015,10208,04/11/2023 18:02,04/11/2023 18:05,21807,12939,8609,259,3029,9157,497.07,22017,8887,72,28370
500263841,12/04/2011,8880,15/11/2023 00:10,15/11/2023 00:11,109680,58559,49528,1593,2684,9198,534.04,2177,37196,68,110916
511731118,26/06/2013,6784,15/11/2023 08:58,15/11/2023 09:09,98832,50184,47708,940,2901,9476,445.74,17729,19808,76,132888
505358259,25/10/2012,8514,14/11/2023 23:18,14/11/2023 23:19,76265,40610,34561,1094,2809,9193,432.72,12305,24130,70,92936
525682106,15/01/2015,8721,15/11/2023 12:21,15/11/2023 12:31,58423,31719,26105,599,2855,9393,371.47,13905,20188,70,54765
516816320,30/12/2013,8365,27/09/2023 17:53,27/09/2023 18:56,5542,3133,2356,53,2564,7142,175.99,13905,1514,70,11745
584214987,12/11/2021,10043,11/11/2023 23:26,11/11/2023 23:18,11085,6683,4254,148,3437,9280,725.84,2929,4033,75,13764
500402124,05/05/2011,7950,28/12/2021 20:36,28/12/2021 20:47,2722,1633,1053,36,2606,7053,418.0,2721,1222,59,2609
528531406,08/07/2015,8539,10/11/2023 12:34,10/11/2023 12:29,17314,9581,7573,160,2900,8197,382.91,22017,6233,71,23717
534021586,29/12/2015,8694,15/11/2023 13:45,15/11/2023 13:46,49709,27148,21989,572,2766,10151,393.83,13905,14680,69,55156
565960159,17/11/2019,10356,13/11/2023 20:21,13/11/2023 20:22,9605,5943,3542,120,2844,9972,511.77,57937,4114,80,16180
565653984,01/11/2019,8942,03/04/2023 17:40,03/04/2023 17:36,6230,3690,2466,74,3140,8031,517.58,57937,2306,74,8523
509011426,05/03/2013,7879,12/11/2023 15:25,13/11/2023 13:24,45688,24387,20722,579,2451,10413,335.72,16913,16659,65,34455
501991396,25/12/2011,8295,05/11/2023 18:54,09/11/2023 12:58,50680,27132,22916,632,3552,9673,321.21,20225,16953,65,55779
526478821,18/02/2015,11060,14/11/2023 16:25,14/11/2023 16:25,23626,14766,8500,360,3386,10447,509.78,19217,9249,74,39675
544965614,30/01/2017,10131,12/11/2023 21:21,12/11/2023 21:22,33691,19551,13623,517,3260,8995,504.36,3681,14433,71,40460
529888752,03/08/2015,10059,03/08/2022 15:08,03/08/2022 15:07,24231,14339,9577,315,3146,10398,383.55,14609,8325,69,40737
515764734,28/11/2013,9474,29/10/2023 17:14,29/10/2023 17:15,81146,45601,34360,1185,3434,9079,402.5,15953,31640,72,105128
500892460,25/06/2011,4869,16/07/2023 21:06,16/07/2023 21:05,24348,11942,12192,214,2265,6968,223.15,19217,6767,56,16273
512834856,05/08/2013,8893,28/01/2023 13:38,15/10/2023 22:28,29165,15720,13113,332,2688,8292,315.19,7169,9868,73,32948
552427864,07/01/2018,299,07/01/2018 02:06,08/08/2023 13:19,3,0,3,0,161,265,8.0,47873,0,76,5
500415474,13/04/2011,7514,28/11/2023 14:09,28/11/2023 14:06,39912,20478,18901,533,2691,9955,412.43,5505,11004,69,40557
578455645,16/03/2021,9432,18/11/2023 00:25,18/11/2023 00:23,3976,2600,1328,48,3084,10906,572.32,14609,1664,75,6912
519427039,16/05/2014,8957,16/09/2023 17:51,06/10/2023 14:48,37501,21088,15979,434,2904,8984,464.97,2433,9632,72,62862
511066497,30/05/2013,8525,04/12/2023 10:50,04/12/2023 10:51,42544,22931,19033,580,3071,9064,474.38,46849,11790,72,84256
521205378,24/07/2014,8026,04/12/2023 13:38,04/12/2023 14:04,32285,16967,14953,365,2838,9374,503.11,15697,10801,73,31113
546787691,09/04/2017,11018,04/12/2023 00:58,04/12/2023 01:01,20365,11982,7967,416,2859,10035,647.69,13089,8831,73,37475
503222279,23/04/2012,10503,21/07/2022 11:30,25/07/2022 11:57,26630,15955,10456,219,3337,10033,498.6,6193,9662,76,42405
522292232,14/09/2014,8324,03/12/2023 18:42,04/12/2023 11:38,27780,15269,12222,289,3053,9866,311.0,11521,12199,69,25383
515839753,30/11/2013,10568,12/04/2023 12:34,12/04/2023 12:41,39329,23564,15367,398,2915,9732,434.19,2433,14356,74,67941
547181322,28/04/2017,6519,20/09/2023 21:51,20/09/2023 21:52,12840,6550,6112,178,2450,8326,416.08,19217,3078,74,14250
510538635,05/05/2013,8967,04/12/2023 13:51,04/12/2023 13:54,40599,22344,17799,456,2750,9370,466.04,12049,14197,71,48871
512006668,07/07/2013,9017,03/12/2023 04:00,03/12/2023 14:12,32219,17782,14103,334,2751,9046,454.63,2721,10676,75,31639
508791309,27/02/2013,8272,04/12/2023 00:03,03/12/2023 23:57,27243,14143,12893,207,2694,8271,455.1,13905,6342,69,30426
515695888,25/11/2013,7334,02/09/2023 22:02,02/09/2023 22:04,46811,24170,22196,445,2607,8136,443.79,9489,12933,69,48619
531558552,01/11/2015,1062,31/10/2023 17:17,31/10/2023 22:28,1543,654,879,10,917,950,61.54,62785,206,21,946
509156370,10/03/2013,8658,04/12/2023 14:55,04/12/2023 14:55,24854,13745,10868,241,2708,9431,285.06,13905,9502,67,17757
516489283,18/12/2013,5994,02/12/2023 16:56,03/12/2023 21:55,24480,13243,10905,332,1965,4039,87.44,59649,8305,59,27334
512572912,29/07/2013,10245,04/12/2023 13:59,04/12/2023 14:00,66554,39758,26174,622,2895,9924,566.13,13857,20807,76,123383
511560573,19/06/2013,8451,30/11/2023 22:58,30/11/2023 23:03,33267,18244,14589,434,2714,8566,261.2,4737,13715,61,34807
594988313,20/01/2019,7133,03/12/2023 16:52,03/12/2023 16:59,34874,17467,16672,735,2259,8253,161.84,16961,14091,42,11861
518234330,05/03/2014,6965,29/11/2023 20:18,29/11/2023 20:20,22200,11593,10432,175,2616,8598,409.74,7937,6022,69,24984
508752281,25/02/2013,7659,12/11/2023 21:09,27/11/2023 11:46,47057,24548,21921,588,2405,7562,436.66,13905,15923,67,41503
500281007,12/04/2011,8887,19/10/2023 23:14,19/10/2023 23:13,25857,14354,11248,255,2681,8758,505.45,9297,9270,68,30573
506745245,01/12/2012,9977,28/11/2023 21:44,28/11/2023 21:42,53153,30668,21971,514,3075,10865,597.83,2929,14834,75,98417
505655071,21/10/2012,8290,25/11/2023 14:14,25/11/2023 14:37,28721,15502,12945,274,2868,9507,462.33,12049,8774,70,40609
500866081,21/06/2011,6966,04/12/2023 14:43,04/12/2023 14:55,25249,12964,11894,391,2808,8160,436.63,12049,7396,61,31286
510000164,14/04/2013,2042,04/12/2023 01:28,04/12/2023 01:37,4072,1764,2269,39,1566,3269,368.71,4433,725,41,2113
587969242,04/04/2022,6162,04/12/2023 14:21,04/12/2023 14:35,4139,2001,2061,77,2303,7232,416.53,13569,1276,66,3646
536770282,31/03/2016,10356,03/12/2023 16:18,04/12/2023 07:00,54653,31403,22565,685,3179,9953,505.82,2417,22160,69,49364
500420779,13/04/2011,6516,03/12/2023 00:43,03/12/2023 00:36,42298,21357,20269,672,2714,7738,322.2,62257,11684,72,44584
509214894,12/03/2013,8772,03/12/2023 14:09,03/12/2023 14:12,26542,14621,11679,242,2844,7702,225.88,16913,10682,67,33368
508461359,16/02/2013,8042,03/12/2023 22:03,03/12/2023 22:21,71060,37755,32412,893,2873,8808,495.92,13857,21167,66,107178
502181808,18/01/2012,6310,04/12/2023 12:51,04/12/2023 14:10,15319,7737,7435,147,2360,7768,451.3,22017,3600,77,18598
682131336,26/11/2023,3214,03/12/2023 23:51,03/12/2023 23:46,127,78,47,2,2810,7011,483.66,32545,56,76,188
554972853,25/04/2018,10160,04/12/2023 11:26,04/12/2023 11:26,29752,16866,12420,466,3201,10715,538.68,6209,11190,75,38134
500419766,13/04/2011,5268,03/12/2023 00:49,03/12/2023 00:48,22651,10938,11462,251,2135,7981,301.54,12049,5661,64,23587
549874441,07/03/2022,2769,04/11/2023 20:36,24/11/2023 00:19,1751,777,944,30,1575,2769,165.53,2321,367,64,1174
501785148,22/11/2011,4463,02/12/2023 02:48,02/12/2023 02:49,10205,4944,5147,114,2032,4699,458.74,10785,2617,66,9485
515931210,02/12/2013,8816,03/11/2023 14:36,15/11/2023 11:05,50973,27684,22754,535,3060,10558,394.67,58641,16762,68,57236
527533074,07/04/2015,9170,03/12/2023 20:11,03/12/2023 20:12,65275,35440,29021,814,3044,8788,462.54,57937,23737,72,69222
501994947,25/12/2011,8540,04/12/2023 00:29,04/12/2023 01:41,21732,11757,9726,249,2817,8222,417.71,9489,7504,71,25639
509591606,27/03/2013,7642,04/12/2023 13:33,04/12/2023 13:38,52581,28117,23808,656,2663,8717,354.47,4737,13536,68,76176
553222856,07/02/2018,4146,20/11/2023 01:20,20/11/2023 01:23,3044,1417,1599,28,2052,5201,378.77,22273,704,60,1682
508520137,17/02/2013,5894,04/12/2023 13:58,04/12/2023 13:59,17552,8994,8378,180,2421,9022,305.81,2433,3448,68,24105
504839114,03/09/2012,6904,01/12/2023 23:23,02/12/2023 23:27,30663,15859,14503,301,2604,7205,313.16,14609,8261,67,36907
550793547,26/10/2017,8953,15/11/2023 22:18,15/11/2023 22:19,23717,13635,9852,230,2901,7702,448.67,57937,6141,74,39796
547214141,29/04/2017,7128,11/10/2023 22:42,11/10/2023 22:38,15378,7987,7164,227,2949,8142,494.39,3473,4273,73,13387
572528619,28/08/2021,3200,12/11/2023 19:06,12/11/2023 19:02,1362,580,761,21,1920,3730,500.05,21537,283,61,775
501441616,25/09/2011,9206,26/02/2023 23:45,09/03/2023 20:54,35500,19546,15482,472,2909,8629,416.04,6193,13358,68,33767
509532497,24/03/2013,5644,03/12/2023 19:26,03/12/2023 19:23,65315,32196,32460,659,3017,7912,416.74,12049,16097,67,75071
512767698,04/08/2013,7988,02/12/2023 15:33,04/12/2023 12:38,26642,14431,11934,277,2615,8484,330.35,2417,10192,62,20973
519986259,25/06/2014,6436,03/12/2023 20:35,03/12/2023 20:32,28987,14716,13940,331,2310,7069,312.08,19217,8311,69,25932
600023165,21/07/2019,7791,02/09/2023 17:44,02/09/2023 17:49,3783,2103,1612,68,2391,8118,463.84,19969,1281,72,4225
562048573,11/04/2019,6847,03/12/2023 23:50,03/12/2023 23:50,8833,4632,4055,146,2744,9609,442.19,13857,2197,66,11642
509475800,22/03/2013,6691,31/03/2023 00:58,18/08/2023 14:58,16383,8555,7634,194,2681,6481,659.18,15393,5180,68,16391
511420377,13/06/2013,8361,14/10/2022 17:05,14/01/2023 11:46,30399,16208,13855,336,2702,8201,256.18,14865,12016,64,39750
509422938,19/03/2013,9240,16/11/2023 10:23,16/11/2023 10:24,29411,16701,12425,285,2922,9202,462.31,6209,10455,68,37461
599966543,09/10/2018,7591,03/12/2023 23:12,03/12/2023 23:15,5659,3107,2463,89,2859,8828,641.91,13857,1154,76,9971
522072413,03/09/2014,10329,15/11/2023 18:43,20/11/2023 09:07,40112,23868,15811,433,3147,9110,448.14,13905,14011,72,63021
511144670,02/06/2013,6306,12/09/2023 18:51,12/09/2023 18:46,38145,18921,18912,312,2635,10290,550.83,9297,7069,68,48299
508965600,04/03/2013,8474,28/09/2023 20:09,28/09/2023 20:08,49453,26710,22136,607,2802,9020,475.13,16913,14453,71,77256
541589857,30/10/2016,8315,04/12/2023 05:06,04/12/2023 05:47,29078,15866,12851,361,3018,9251,537.79,2433,7093,71,42165
522343394,18/09/2014,8448,03/12/2023 22:21,03/12/2023 22:18,23165,12742,10214,209,3276,10115,429.25,15617,6077,72,35895
551879163,19/12/2017,8433,04/12/2023 13:23,04/12/2023 13:25,16198,8579,7235,384,2864,8719,287.79,4481,5561,68,12406
677417091,06/09/2023,3754,03/12/2023 15:02,03/12/2023 15:03,1424,687,723,14,1806,3417,157.97,2465,322,63,1121
520407014,16/08/2014,8274,04/12/2023 00:06,04/12/2023 00:04,14451,7942,6237,272,2657,7600,426.43,52561,5044,69,22447
532760551,07/01/2016,8767,03/12/2023 22:15,03/12/2023 22:34,62306,33390,28320,596,2886,10424,499.46,20225,18789,73,73217
546521660,26/03/2017,8988,03/12/2023 16:54,03/12/2023 17:00,29171,15879,12917,375,2880,8328,283.95,57937,11621,70,33615
504846570,03/09/2012,7146,20/09/2023 17:59,26/09/2023 12:24,10535,5665,4790,80,2421,9782,485.75,14881,3144,65,13277
542524651,01/12/2016,6393,03/12/2023 22:35,03/12/2023 22:33,2291,1224,1031,36,2459,5322,137.03,50193,589,70,2413
523006098,27/10/2014,9402,03/12/2023 20:25,03/12/2023 20:25,46138,25376,20272,490,2865,9258,436.76,13905,18645,73,52829
500669422,14/05/2011,9105,04/12/2023 13:04,04/12/2023 13:05,32866,17954,14526,386,3048,8427,481.19,7249,11360,72,38306
500650109,10/05/2011,8240,03/12/2023 10:22,03/12/2023 12:36,59461,31777,26879,805,2684,10162,393.83,19217,20450,64,65575
511564400,19/06/2013,8578,03/12/2023 19:14,03/12/2023 19:14,12176,6856,5209,111,2441,8464,387.28,7169,4070,73,16066
502981105,08/04/2012,8103,08/07/2023 09:17,08/07/2023 09:19,75941,40368,34766,807,3000,8595,540.15,59441,19892,69,93923
509327474,24/03/2013,4103,04/12/2023 12:22,04/12/2023 12:22,27079,12931,13938,210,1933,6242,268.52,16657,6887,62,17411
517622419,06/02/2014,9664,03/12/2023 01:59,03/12/2023 01:50,62253,35488,26077,688,3096,10607,498.57,12049,21744,69,83736
522823156,18/10/2014,8619,31/08/2023 21:32,31/08/2023 21:28,40323,21500,18414,409,2564,8441,353.73,14337,15032,78,42101
582099561,31/07/2021,8189,03/12/2023 22:59,03/12/2023 23:13,4613,2552,1965,96,2525,7619,696.16,22017,1622,68,4221
595534318,14/09/2014,8134,20/08/2023 23:31,21/08/2023 00:10,21453,11372,9833,248,2559,8967,591.49,13089,6294,74,23960
509970810,13/04/2013,10826,12/11/2023 13:59,12/11/2023 18:44,83615,48244,34595,776,3038,14513,640.57,14113,25075,72,151247
511655151,23/06/2013,6158,02/12/2023 22:08,04/12/2023 11:48,47212,24168,22451,593,2463,7789,316.87,13905,11479,67,56162
500212605,13/04/2011,10230,03/12/2023 17:36,03/12/2023 17:39,75731,45219,29341,1171,2895,9340,332.22,13569,31547,67,86310
600596095,15/11/2022,6542,19/11/2023 21:05,22/11/2023 12:24,1283,729,538,16,2849,7581,565.22,21249,323,72,2079
517042190,12/01/2014,8337,03/12/2023 22:23,03/12/2023 22:23,78135,41026,36036,1073,2712,10360,513.34,12049,25044,69,83460
531682640,14/10/2015,6895,03/12/2023 17:49,03/12/2023 17:51,26249,13380,12637,232,2708,8486,340.31,16897,6341,70,34958
501934102,15/12/2011,8781,04/12/2022 20:40,25/11/2023 19:26,35751,19752,15573,426,2682,9073,524.72,13089,10861,74,53434
508342299,09/02/2013,8890,06/04/2022 17:17,02/05/2022 16:08,28289,15778,12223,288,3087,8676,428.89,2417,8955,75,41906
509069342,07/03/2013,7886,03/12/2023 23:09,03/12/2023 23:11,42746,22685,19700,361,2625,10405,556.26,2433,11010,70,63492
530378785,22/08/2015,9694,03/12/2023 23:51,03/12/2023 23:54,30312,17198,12734,380,3081,10480,592.08,19217,8373,72,54513
509692459,31/03/2013,8654,03/12/2023 22:43,03/12/2023 22:44,46199,24417,21251,531,3104,9714,402.8,2721,17462,64,57592
518267957,07/03/2014,9217,04/12/2023 00:59,04/12/2023 01:07,43076,23866,18774,436,3105,10455,458.92,14881,11227,74,66683
515986495,03/12/2013,10468,02/12/2023 22:07,02/12/2023 22:12,55172,32085,22555,532,3029,9898,474.61,3473,19041,72,71330
531455502,05/10/2015,8600,12/11/2023 13:03,12/11/2023 13:02,28778,15650,12929,199,2997,11066,517.07,13857,7345,72,43728
552068182,25/12/2017,6909,02/12/2023 19:40,02/12/2023 19:41,5769,3099,2604,66,2750,7383,576.32,15697,1466,59,8026
511235672,06/06/2013,7925,18/09/2023 09:48,26/09/2023 16:06,35864,19032,16344,488,2829,10090,565.24,12049,11334,72,35183
546371163,19/03/2017,10333,04/12/2023 10:53,04/12/2023 10:51,13365,8133,5012,220,2775,10342,295.55,13905,6090,70,16288
509050466,07/03/2013,6421,08/11/2023 17:21,30/11/2023 11:29,34315,17308,16532,475,2837,9659,365.36,2433,8975,64,34820
506679909,30/11/2012,8629,25/09/2023 12:11,25/09/2023 12:00,20544,11244,9109,191,2571,8905,491.09,19217,5867,72,28222
595060353,01/01/2012,8447,25/10/2023 17:39,02/12/2023 08:26,17977,10122,7592,263,2811,6225,398.74,9297,6613,71,17935
529018498,20/06/2015,8071,04/12/2023 00:13,04/12/2023 00:24,38280,19914,17970,396,2772,9634,380.23,3937,8982,65,40400
564010646,30/07/2019,8014,03/12/2023 19:48,03/12/2023 19:49,34793,18326,15946,521,3071,7855,323.34,5265,7680,80,49959
548039833,10/06/2017,5455,03/12/2023 22:35,03/12/2023 22:30,20704,10348,10108,248,2591,7361,511.19,13857,4639,63,18380
521216155,25/07/2014,8557,30/11/2023 20:44,30/11/2023 20:41,65417,35425,29361,631,3000,11229,591.18,19217,15962,75,78684
509251744,13/03/2013,8387,03/12/2023 21:54,03/12/2023 21:46,26835,14385,12180,270,2675,8427,498.13,4737,7505,71,29301
535992993,06/03/2016,6836,04/12/2023 00:08,04/12/2023 00:09,53628,27458,25517,653,2967,8488,281.43,14609,15861,65,56433
511360163,12/06/2013,7867,27/11/2023 21:07,27/11/2023 21:08,32927,17662,14894,371,2823,8967,375.79,19217,10049,71,44285
511601316,21/06/2013,7851,04/12/2023 01:03,04/12/2023 01:25,15744,8460,7076,208,2744,7912,405.34,13089,4814,66,18810
516365683,05/01/2014,8289,04/12/2023 14:11,04/12/2023 14:08,45750,24476,20866,408,2961,10571,430.65,15953,13807,67,54565
548669115,13/01/2019,6984,26/11/2023 19:26,26/11/2023 19:22,28595,14560,13674,361,2859,9322,517.18,2433,7045,68,32875
594986686,01/08/2015,9489,04/12/2023 13:57,04/12/2023 13:59,33478,19004,14006,468,3080,8197,424.76,14881,10721,73,44768
503374023,03/05/2012,9523,30/11/2023 02:22,30/11/2023 02:24,27486,15811,11389,286,2854,9003,330.28,12305,10808,72,34436
514328779,01/10/2013,7836,28/11/2023 23:37,28/11/2023 23:38,28724,15151,13210,363,2931,9958,600.11,5281,8520,72,23748
559588562,26/12/2018,9509,04/12/2023 00:27,04/12/2023 00:27,5382,3401,1932,49,2804,10659,381.86,63537,2541,77,7328
523052243,30/10/2014,10124,03/12/2023 23:58,03/12/2023 23:59,36692,20445,15762,485,2759,10688,837.32,2433,12332,72,42518
618728162,26/02/2023,8091,04/12/2023 01:53,04/12/2023 02:02,4842,2669,2055,118,2456,7666,256.46,19217,1735,61,5542
503651044,22/05/2012,6885,03/12/2023 22:00,03/12/2023 22:01,34331,17517,16387,427,2727,8506,414.46,27905,9087,64,42836
532900306,27/11/2015,9218,15/11/2023 18:08,15/11/2023 18:46,62790,34619,27576,595,3173,10622,490.2,14881,19232,72,99474
566379219,06/12/2019,10113,03/12/2023 12:05,03/12/2023 18:02,7356,4515,2768,73,3225,10771,566.96,14609,2393,77,11945
533897761,26/12/2015,7137,03/12/2023 17:08,03/12/2023 17:08,27544,14159,13122,263,2729,8254,472.51,15617,7404,71,31784
513795321,05/09/2013,7574,03/12/2023 23:56,03/12/2023 23:57,87489,46044,40576,869,3140,10866,279.91,46849,27121,65,114294
567403774,14/01/2020,9772,04/12/2023 00:56,04/12/2023 01:03,20283,11356,8592,335,3021,10050,452.3,13905,7344,66,28683
503375104,03/05/2012,10549,21/11/2023 23:49,21/11/2023 23:48,16752,10215,6355,182,3144,9665,637.34,2433,6564,76,26636
506554625,27/11/2012,9573,03/12/2023 23:48,03/12/2023 23:50,74188,42405,30741,1042,2673,9180,397.65,13089,31949,68,58255
581405442,29/06/2021,7379,03/12/2023 22:19,04/12/2023 14:18,5855,3115,2631,109,2952,7756,435.37,15697,1460,71,9286
502028038,30/12/2011,6422,10/10/2023 19:07,10/10/2023 19:08,25967,13149,12553,265,2429,7704,473.94,20993,5605,65,33603
515121416,09/11/2013,7904,03/12/2023 21:14,03/12/2023 21:09,36234,18789,17123,322,2613,9761,373.1,4737,10928,70,44866
520039438,27/06/2014,8793,03/12/2023 22:22,03/12/2023 22:32,57206,31270,25365,571,2916,9500,397.89,19217,17250,74,78701
540926222,02/10/2016,9457,04/12/2023 14:21,04/12/2023 14:21,94426,51022,42108,1296,2940,9979,338.92,50593,28591,78,167405
620283663,17/03/2014,8953,03/12/2023 11:10,03/12/2023 11:20,57154,30780,25538,836,2681,10313,331.18,15697,22329,73,48043
508774161,26/02/2013,8505,04/12/2023 10:04,04/12/2023 10:03,35010,18820,15827,363,2571,9302,387.07,13905,11348,68,39673
504153362,10/07/2012,7622,03/12/2023 19:40,03/12/2023 19:42,68008,36045,31117,846,3126,9957,526.5,58369,14471,73,120335
547571992,21/05/2017,7723,03/12/2023 15:29,03/12/2023 15:33,14485,7646,6599,240,2457,7863,362.1,3681,4301,71,14847
508594969,20/02/2013,8297,03/12/2023 12:47,03/12/2023 12:47,35485,18829,16279,377,2505,7969,422.34,13857,10499,71,46128
555040546,29/04/2018,7765,03/12/2023 18:33,03/12/2023 18:34,7388,4166,3120,102,3054,7377,226.01,5265,1597,66,12935
553362729,13/02/2018,9030,27/11/2023 03:05,27/11/2023 03:06,11012,6056,4755,201,3141,8356,594.44,52865,4115,71,11153
510419754,01/05/2013,8473,04/12/2023 08:49,04/12/2023 14:19,8622,4642,3815,165,2475,7133,402.0,2417,3164,62,7161
536919351,04/04/2016,7837,03/12/2023 15:21,03/12/2023 15:21,27488,14360,12774,354,2628,7636,518.36,9297,8267,70,36097
522054458,02/09/2014,8195,03/12/2023 22:12,03/12/2023 22:13,21567,11675,9692,200,3383,8767,444.6,12305,5779,71,28516
508912444,02/03/2013,9048,03/12/2023 12:30,03/12/2023 12:32,15507,8603,6719,185,3186,8065,514.82,3473,4955,75,20369
550798141,29/03/2018,8233,03/12/2023 21:42,03/12/2023 21:47,32200,16677,14922,601,2735,9132,565.44,13905,10370,75,33025
533138244,04/12/2015,8635,02/12/2023 16:33,02/12/2023 16:30,20906,11611,9073,222,2655,8386,460.12,14113,6404,71,27200
555235658,11/05/2018,8104,30/11/2023 23:35,30/11/2023 23:32,6346,3512,2731,103,2729,9037,497.58,6753,1596,71,10223
518358861,12/03/2014,6098,03/12/2023 23:11,03/12/2023 23:12,35318,18010,16900,408,2790,8855,412.33,3649,6476,61,46959
591335247,16/08/2022,7707,03/12/2023 19:58,03/12/2023 20:04,3660,1984,1622,54,2454,6567,384.92,14609,1320,61,3834
502074704,05/01/2012,8509,14/07/2023 15:13,14/07/2023 15:11,37954,20346,17151,457,2631,8416,507.68,14881,12479,70,41339
519823709,12/06/2014,9541,30/11/2023 23:07,30/11/2023 23:03,28184,15732,12122,330,2855,8233,467.99,15617,9956,69,39671
500818272,12/06/2011,8279,04/12/2023 12:38,04/12/2023 12:45,55535,30194,24630,711,2789,9274,502.29,3473,18169,68,48889
517171042,14/01/2014,7545,19/11/2023 01:00,19/11/2023 01:00,30872,16188,14395,289,2636,7912,330.51,6209,8452,68,35162
512312676,20/07/2013,9106,04/12/2023 01:14,04/12/2023 01:15,55449,30636,24154,659,3029,8972,613.32,2433,16631,72,79059
577308529,02/02/2021,8585,01/12/2023 22:45,02/12/2023 13:38,9231,5061,4007,163,2877,9280,451.65,3681,3010,72,10789
522940275,15/11/2014,7183,04/12/2023 02:53,04/12/2023 02:55,38007,20293,17337,377,2631,8290,373.29,15953,10189,68,46578
585601912,04/01/2022,8770,13/11/2023 17:19,01/12/2023 19:05,7742,4321,3288,133,2693,6851,269.69,14865,2606,70,12358
505510778,05/06/2013,9807,04/12/2023 04:48,04/12/2023 04:49,35872,20540,14806,526,3510,10508,601.5,2929,11281,68,52504
526572923,23/02/2015,8846,03/12/2023 11:53,03/12/2023 11:52,32244,17143,14737,364,2837,8613,456.18,2929,12009,68,34499
534837123,21/01/2016,8081,01/07/2023 18:41,01/07/2023 18:37,37210,19746,17010,454,2610,8545,633.23,12049,10264,72,46355
539531142,27/07/2016,9079,04/12/2023 03:01,04/12/2023 03:03,12428,6687,5449,292,2579,8726,377.63,57937,5373,59,13207
563750792,09/04/2021,9041,01/12/2023 23:01,01/12/2023 23:01,3964,2450,1443,71,2682,8552,487.06,6209,1550,74,5633
517253005,18/01/2014,9588,03/12/2023 21:05,03/12/2023 21:16,61457,34092,26715,650,3066,9729,346.76,2417,19170,70,100353
502827920,27/03/2012,8407,29/11/2023 22:17,29/11/2023 22:37,14590,7863,6528,199,2471,6919,358.4,2417,4969,74,16779
508858777,01/03/2013,7591,30/11/2023 03:00,30/11/2023 03:01,53489,27694,25177,618,2687,8631,455.89,57937,17171,67,52348
524702622,21/12/2014,6006,03/12/2023 22:23,03/12/2023 22:27,8447,4387,3939,121,2096,6837,269.39,13905,2190,65,7558
521506207,08/08/2014,9422,04/12/2023 00:08,04/12/2023 09:51,61961,34611,26764,586,2886,9277,422.52,58641,18109,70,81422
500854690,18/06/2011,8122,18/09/2023 19:39,19/09/2023 16:25,49986,26711,22521,754,2709,8461,415.44,13569,13856,70,65771
511564207,19/06/2013,7943,03/12/2023 13:44,03/12/2023 13:46,89090,44833,43358,899,3011,12588,544.47,2433,20843,72,90131
530200498,15/08/2015,7910,07/05/2023 01:36,07/05/2023 01:32,12657,6685,5789,183,2501,7519,371.78,13905,4507,65,18059
598453173,02/01/2018,8022,03/12/2023 23:33,04/12/2023 13:03,6746,3588,3027,131,2489,8348,494.28,2929,2126,71,8484
503141814,19/04/2012,7535,01/12/2023 22:33,01/12/2023 22:29,24964,13089,11520,355,2784,9012,434.39,60977,6298,69,34651
500332789,14/04/2011,9261,03/12/2023 14:47,03/12/2023 14:43,59396,32458,26139,799,2755,10430,343.45,14609,22411,69,72649
635701184,10/03/2023,6529,04/12/2023 05:34,04/12/2023 05:33,1673,904,739,30,2390,6979,367.8,5505,603,68,1653
502037957,31/12/2011,7890,03/12/2023 20:57,03/12/2023 22:01,28759,15148,13272,339,2565,8597,455.73,8289,9757,68,24105
512145355,13/07/2013,9100,01/12/2023 22:31,03/12/2023 21:08,51621,27907,22963,751,3075,9148,350.9,13905,18507,67,60238
502037966,31/12/2011,10164,03/02/2022 17:20,03/02/2022 19:07,30060,18132,11544,384,2817,9535,587.5,9233,12347,71,35968
501955535,19/12/2011,8734,03/12/2023 22:35,03/12/2023 22:37,25266,13744,11156,366,2717,10784,626.78,58641,8533,70,26677
505643986,21/10/2012,8585,26/06/2021 13:53,06/08/2021 20:30,15398,8934,6328,136,2559,7312,393.2,6209,4897,73,18645
507861471,17/01/2013,8379,06/09/2023 21:47,06/09/2023 21:46,54049,29103,24352,594,2841,9248,413.95,14609,16317,73,58676
500348240,16/04/2011,8939,18/11/2023 17:43,19/11/2023 11:07,34430,19103,14998,329,2835,9739,441.43,3473,10952,73,44867
537027554,08/04/2016,6914,27/10/2023 23:17,27/10/2023 23:13,30798,15497,15026,275,2439,8494,348.7,2929,9183,69,31908
516724719,26/12/2013,7323,03/12/2023 20:45,03/12/2023 20:41,42700,22292,19943,465,2858,8330,439.11,19969,9879,72,63216
500733937,26/05/2011,9408,03/12/2023 21:38,03/12/2023 21:35,64903,36456,27645,802,2791,9251,298.46,2721,20222,76,85274
515500536,21/11/2013,9152,04/12/2023 02:14,04/12/2023 02:15,26039,14812,10955,272,2594,9042,299.23,19217,9269,73,30365
503846905,09/06/2012,8570,03/12/2023 17:42,03/12/2023 17:41,27705,15408,11967,330,2758,7905,547.12,14609,8153,76,42322
508454395,15/02/2013,8625,03/12/2023 15:36,03/12/2023 15:40,51274,27717,23072,485,3018,9240,600.43,9489,13136,70,89365
537572562,30/04/2016,604,02/08/2017 23:40,02/08/2017 23:38,179,76,100,3,875,599,26.92,3089,23,37,126
504542769,12/08/2012,2833,03/01/2020 02:38,03/01/2020 02:38,7343,3362,3890,91,2461,3188,231.86,2593,1365,63,8506
509714906,02/04/2013,1457,07/05/2016 16:14,07/05/2016 16:13,530,239,281,10,740,1218,97.79,16385,103,46,396
537527458,28/04/2016,1786,30/04/2016 15:47,30/04/2016 16:09,26,19,7,0,1035,845,15.58,2065,11,51,34
517042190,12/01/2014,8337,03/12/2023 22:23,04/12/2023 17:13,78135,41026,36036,1073,2712,10360,513.34,12049,25044,69,83460
531682640,14/10/2015,6895,03/12/2023 17:49,03/12/2023 17:51,26249,13380,12637,232,2708,8486,340.31,16897,6341,70,34958
501934102,15/12/2011,8781,04/12/2022 20:40,25/11/2023 19:26,35751,19752,15573,426,2682,9073,524.72,13089,10861,74,53434
508342299,09/02/2013,8890,06/04/2022 17:17,02/05/2022 16:08,28289,15778,12223,288,3087,8676,428.89,2417,8955,75,41906
509069342,07/03/2013,7886,03/12/2023 23:09,03/12/2023 23:11,42746,22685,19700,361,2625,10405,556.26,2433,11010,70,63492
530378785,22/08/2015,9694,03/12/2023 23:51,03/12/2023 23:54,30312,17198,12734,380,3081,10480,592.08,19217,8373,72,54513
509692459,31/03/2013,8654,03/12/2023 22:43,03/12/2023 22:44,46199,24417,21251,531,3104,9714,402.8,2721,17462,64,57592
518267957,07/03/2014,9217,04/12/2023 00:59,04/12/2023 01:07,43076,23866,18774,436,3105,10455,458.92,14881,11227,74,66683
515986495,03/12/2013,10468,04/12/2023 15:49,04/12/2023 15:53,55173,32086,22555,532,3029,9898,474.63,3473,19042,72,71330
531455502,05/10/2015,8600,12/11/2023 13:03,12/11/2023 13:02,28778,15650,12929,199,2997,11066,517.07,13857,7345,72,43728
552068182,25/12/2017,6924,04/12/2023 16:58,04/12/2023 16:59,5785,3111,2608,66,2750,7383,576.97,15697,1470,59,8045
511235672,06/06/2013,7925,18/09/2023 09:48,26/09/2023 16:06,35864,19032,16344,488,2829,10090,565.24,12049,11334,72,35183
546371163,19/03/2017,10333,04/12/2023 10:53,04/12/2023 10:51,13365,8133,5012,220,2775,10342,295.55,13905,6090,70,16288
509050466,07/03/2013,6421,08/11/2023 17:21,30/11/2023 11:29,34315,17308,16532,475,2837,9659,365.36,2433,8975,64,34820
506679909,30/11/2012,8629,25/09/2023 12:11,25/09/2023 12:00,20544,11244,9109,191,2571,8905,491.09,19217,5867,72,28222
595060353,01/01/2012,8447,25/10/2023 17:39,02/12/2023 08:26,17977,10122,7592,263,2811,6225,398.74,9297,6613,71,17935
529018498,20/06/2015,8071,04/12/2023 00:13,04/12/2023 00:24,38280,19914,17970,396,2772,9634,380.23,3937,8982,65,40400
564010646,30/07/2019,8014,03/12/2023 19:48,03/12/2023 19:49,34793,18326,15946,521,3071,7855,323.34,5265,7680,80,49959
548039833,10/06/2017,5455,03/12/2023 22:35,03/12/2023 22:30,20704,10348,10108,248,2591,7361,511.19,13857,4639,63,18380
521216155,25/07/2014,8557,30/11/2023 20:44,30/11/2023 20:41,65417,35425,29361,631,3000,11229,591.18,19217,15962,75,78684
509251744,13/03/2013,8387,03/12/2023 21:54,03/12/2023 21:46,26835,14385,12180,270,2675,8427,498.13,4737,7505,71,29301
535992993,06/03/2016,6836,04/12/2023 00:08,04/12/2023 00:09,53628,27458,25517,653,2967,8488,281.43,14609,15861,65,56433
511360163,12/06/2013,7867,27/11/2023 21:07,27/11/2023 21:08,32927,17662,14894,371,2823,8967,375.79,19217,10049,71,44285
511601316,21/06/2013,7851,04/12/2023 01:03,04/12/2023 01:25,15744,8460,7076,208,2744,7912,405.34,13089,4814,66,18810
516365683,05/01/2014,8289,04/12/2023 14:11,04/12/2023 14:08,45750,24476,20866,408,2961,10571,430.65,15953,13807,67,54565
548669115,13/01/2019,6984,26/11/2023 19:26,26/11/2023 19:22,28595,14560,13674,361,2859,9322,517.18,2433,7045,68,32875
594986686,01/08/2015,9489,04/12/2023 13:57,04/12/2023 13:59,33478,19004,14006,468,3080,8197,424.76,14881,10721,73,44768
503374023,03/05/2012,9523,30/11/2023 02:22,30/11/2023 02:24,27486,15811,11389,286,2854,9003,330.28,12305,10808,72,34436
514328779,01/10/2013,7836,28/11/2023 23:37,28/11/2023 23:38,28724,15151,13210,363,2931,9958,600.11,5281,8520,72,23748
559588562,26/12/2018,9509,04/12/2023 00:27,04/12/2023 00:27,5382,3401,1932,49,2804,10659,381.86,63537,2541,77,7328
523052243,30/10/2014,10124,03/12/2023 23:58,03/12/2023 23:59,36692,20445,15762,485,2759,10688,837.32,2433,12332,72,42518
618728162,26/02/2023,8091,04/12/2023 01:53,04/12/2023 17:07,4842,2669,2055,118,2456,7666,256.46,19217,1735,61,5542
503651044,22/05/2012,6885,03/12/2023 22:00,03/12/2023 22:01,34331,17517,16387,427,2727,8506,414.46,27905,9087,64,42836
532900306,27/11/2015,9218,15/11/2023 18:08,15/11/2023 18:46,62790,34619,27576,595,3173,10622,490.2,14881,19232,72,99474
566379219,06/12/2019,10113,03/12/2023 12:05,03/12/2023 18:02,7356,4515,2768,73,3225,10771,566.96,14609,2393,77,11945
533897761,26/12/2015,7137,03/12/2023 17:08,03/12/2023 17:08,27544,14159,13122,263,2729,8254,472.51,15617,7404,71,31784
513795321,05/09/2013,7574,03/12/2023 23:56,03/12/2023 23:57,87489,46044,40576,869,3140,10866,279.91,46849,27121,65,114294
567403774,14/01/2020,9772,04/12/2023 00:56,04/12/2023 01:03,20283,11356,8592,335,3021,10050,452.3,13905,7344,66,28683
503375104,03/05/2012,10549,21/11/2023 23:49,21/11/2023 23:48,16752,10215,6355,182,3144,9665,637.34,2433,6564,76,26636
506554625,27/11/2012,9573,03/12/2023 23:48,03/12/2023 23:50,74188,42405,30741,1042,2673,9180,397.65,13089,31949,68,58255
581405442,29/06/2021,7382,04/12/2023 15:56,04/12/2023 15:59,5862,3119,2634,109,2952,7756,435.38,15697,1463,71,9297
502028038,30/12/2011,6422,10/10/2023 19:07,10/10/2023 19:08,25967,13149,12553,265,2429,7704,473.94,20993,5605,65,33603
515121416,09/11/2013,7904,03/12/2023 21:14,03/12/2023 21:09,36234,18789,17123,322,2613,9761,373.1,4737,10928,70,44866
520039438,27/06/2014,8793,03/12/2023 22:22,03/12/2023 22:32,57206,31270,25365,571,2916,9500,397.89,19217,17250,74,78701
540926222,02/10/2016,9457,04/12/2023 14:21,04/12/2023 14:21,94426,51022,42108,1296,2940,9979,338.92,50593,28591,78,167405
620283663,17/03/2014,8953,03/12/2023 11:10,03/12/2023 11:20,57154,30780,25538,836,2681,10313,331.18,15697,22329,73,48043
508774161,26/02/2013,8505,04/12/2023 10:04,04/12/2023 10:03,35010,18820,15827,363,2571,9302,387.07,13905,11348,68,39673
504153362,10/07/2012,7622,03/12/2023 19:40,03/12/2023 19:42,68008,36045,31117,846,3126,9957,526.5,58369,14471,73,120335
547571992,21/05/2017,7723,03/12/2023 15:29,03/12/2023 15:33,14485,7646,6599,240,2457,7863,362.1,3681,4301,71,14847
508594969,20/02/2013,8297,03/12/2023 12:47,03/12/2023 12:47,35485,18829,16279,377,2505,7969,422.34,13857,10499,71,46128
555040546,29/04/2018,7765,03/12/2023 18:33,03/12/2023 18:34,7388,4166,3120,102,3054,7377,226.01,5265,1597,66,12935
553362729,13/02/2018,9030,27/11/2023 03:05,27/11/2023 03:06,11012,6056,4755,201,3141,8356,594.44,52865,4115,71,11153
510419754,01/05/2013,8473,04/12/2023 08:49,04/12/2023 14:19,8622,4642,3815,165,2475,7133,402.0,2417,3164,62,7161
536919351,04/04/2016,7834,04/12/2023 16:15,04/12/2023 16:15,27497,14362,12781,354,2628,7636,518.42,9297,8269,70,36108
522054458,02/09/2014,8195,03/12/2023 22:12,03/12/2023 22:13,21567,11675,9692,200,3383,8767,444.6,12305,5779,71,28516
508912444,02/03/2013,9048,03/12/2023 12:30,03/12/2023 12:32,15507,8603,6719,185,3186,8065,514.82,3473,4955,75,20369
550798141,29/03/2018,8233,03/12/2023 21:42,03/12/2023 21:47,32200,16677,14922,601,2735,9132,565.44,13905,10370,75,33025
533138244,04/12/2015,8635,02/12/2023 16:33,02/12/2023 16:30,20906,11611,9073,222,2655,8386,460.12,14113,6404,71,27200
555235658,11/05/2018,8104,30/11/2023 23:35,30/11/2023 23:32,6346,3512,2731,103,2729,9037,497.58,6753,1596,71,10223
518358861,12/03/2014,6098,03/12/2023 23:11,03/12/2023 23:12,35318,18010,16900,408,2790,8855,412.33,3649,6476,61,46959
591335247,16/08/2022,7707,03/12/2023 19:58,03/12/2023 20:04,3660,1984,1622,54,2454,6567,384.92,14609,1320,61,3834
502074704,05/01/2012,8509,14/07/2023 15:13,14/07/2023 15:11,37954,20346,17151,457,2631,8416,507.68,14881,12479,70,41339
519823709,12/06/2014,9541,30/11/2023 23:07,30/11/2023 23:03,28184,15732,12122,330,2855,8233,467.99,15617,9956,69,39671
500818272,12/06/2011,8279,04/12/2023 12:38,04/12/2023 12:45,55535,30194,24630,711,2789,9274,502.29,3473,18169,68,48889
517171042,14/01/2014,7545,19/11/2023 01:00,19/11/2023 01:00,30872,16188,14395,289,2636,7912,330.51,6209,8452,68,35162
512312676,20/07/2013,9106,04/12/2023 01:14,04/12/2023 01:15,55449,30636,24154,659,3029,8972,613.32,2433,16631,72,79059
577308529,02/02/2021,8585,01/12/2023 22:45,02/12/2023 13:38,9231,5061,4007,163,2877,9280,451.65,3681,3010,72,10789
522940275,15/11/2014,7183,04/12/2023 02:53,04/12/2023 02:55,38007,20293,17337,377,2631,8290,373.29,15953,10189,68,46578
585601912,04/01/2022,8770,13/11/2023 17:19,01/12/2023 19:05,7742,4321,3288,133,2693,6851,269.69,14865,2606,70,12358
505510778,05/06/2013,9807,04/12/2023 04:48,04/12/2023 04:49,35872,20540,14806,526,3510,10508,601.5,2929,11281,68,52504
526572923,23/02/2015,8846,03/12/2023 11:53,03/12/2023 11:52,32244,17143,14737,364,2837,8613,456.18,2929,12009,68,34499
534837123,21/01/2016,8081,01/07/2023 18:41,01/07/2023 18:37,37210,19746,17010,454,2610,8545,633.23,12049,10264,72,46355
539531142,27/07/2016,9079,04/12/2023 03:01,04/12/2023 03:03,12428,6687,5449,292,2579,8726,377.63,57937,5373,59,13207
563750792,09/04/2021,9040,04/12/2023 16:34,04/12/2023 16:35,3965,2450,1444,71,2682,8552,487.4,6209,1550,74,5633
517253005,18/01/2014,9588,03/12/2023 21:05,03/12/2023 21:16,61457,34092,26715,650,3066,9729,346.76,2417,19170,70,100353
502827920,27/03/2012,8407,29/11/2023 22:17,29/11/2023 22:37,14590,7863,6528,199,2471,6919,358.4,2417,4969,74,16779
508858777,01/03/2013,7591,30/11/2023 03:00,30/11/2023 03:01,53489,27694,25177,618,2687,8631,455.89,57937,17171,67,52348
524702622,21/12/2014,6006,03/12/2023 22:23,03/12/2023 22:27,8447,4387,3939,121,2096,6837,269.39,13905,2190,65,7558
521506207,08/08/2014,9422,04/12/2023 00:08,04/12/2023 09:51,61961,34611,26764,586,2886,9277,422.52,58641,18109,70,81422
500854690,18/06/2011,8122,18/09/2023 19:39,19/09/2023 16:25,49986,26711,22521,754,2709,8461,415.44,13569,13856,70,65771
511564207,19/06/2013,7943,04/12/2023 15:41,04/12/2023 15:48,89105,44841,43365,899,3011,12588,544.52,2433,20846,72,90143
530200498,15/08/2015,7910,07/05/2023 01:36,07/05/2023 01:32,12657,6685,5789,183,2501,7519,371.78,13905,4507,65,18059
598453173,02/01/2018,8022,03/12/2023 23:33,04/12/2023 13:03,6746,3588,3027,131,2489,8348,494.28,2929,2126,71,8484
503141814,19/04/2012,7535,01/12/2023 22:33,01/12/2023 22:29,24964,13089,11520,355,2784,9012,434.39,60977,6298,69,34651
500332789,14/04/2011,9261,03/12/2023 14:47,03/12/2023 14:43,59396,32458,26139,799,2755,10430,343.45,14609,22411,69,72649
635701184,10/03/2023,6529,04/12/2023 05:34,04/12/2023 05:33,1673,904,739,30,2390,6979,367.8,5505,603,68,1653
502037957,31/12/2011,7890,03/12/2023 20:57,03/12/2023 22:01,28759,15148,13272,339,2565,8597,455.73,8289,9757,68,24105
512145355,13/07/2013,9100,01/12/2023 22:31,03/12/2023 21:08,51621,27907,22963,751,3075,9148,350.9,13905,18507,67,60238
502037966,31/12/2011,10164,03/02/2022 17:20,03/02/2022 19:07,30060,18132,11544,384,2817,9535,587.5,9233,12347,71,35968
501955535,19/12/2011,8734,03/12/2023 22:35,03/12/2023 22:37,25266,13744,11156,366,2717,10784,626.78,58641,8533,70,26677
505643986,21/10/2012,8585,26/06/2021 13:53,06/08/2021 20:30,15398,8934,6328,136,2559,7312,393.2,6209,4897,73,18645
507861471,17/01/2013,8379,06/09/2023 21:47,06/09/2023 21:46,54049,29103,24352,594,2841,9248,413.95,14609,16317,73,58676
500348240,16/04/2011,8939,18/11/2023 17:43,19/11/2023 11:07,34430,19103,14998,329,2835,9739,441.43,3473,10952,73,44867
537027554,08/04/2016,6914,27/10/2023 23:17,27/10/2023 23:13,30798,15497,15026,275,2439,8494,348.7,2929,9183,69,31908
516724719,26/12/2013,7323,03/12/2023 20:45,03/12/2023 20:41,42700,22292,19943,465,2858,8330,439.11,19969,9879,72,63216
500733937,26/05/2011,9408,03/12/2023 21:38,03/12/2023 21:35,64903,36456,27645,802,2791,9251,298.46,2721,20222,76,85274
515500536,21/11/2013,9152,04/12/2023 02:14,04/12/2023 17:20,26039,14812,10955,272,2594,9042,299.23,19217,9269,73,30365
503846905,09/06/2012,8569,04/12/2023 17:28,04/12/2023 17:22,27709,15409,11970,330,2758,7905,547.15,14609,8154,76,42325
508454395,15/02/2013,8625,03/12/2023 15:36,03/12/2023 15:40,51274,27717,23072,485,3018,9240,600.43,9489,13136,70,89365
540572416,14/09/2016,7612,07/05/2023 20:35,07/05/2023 20:36,13449,6946,6290,213,2352,7979,185.48,13089,5244,67,9621
513478022,24/08/2013,8316,03/12/2023 23:29,03/12/2023 23:31,45525,23633,21309,583,2907,9161,520.95,19217,15241,78,43885
503278723,27/04/2012,5039,23/11/2023 23:48,23/11/2023 23:49,35332,17018,17838,476,2142,7743,321.49,13569,9576,57,30765
500532102,19/04/2011,9348,22/03/2021 01:10,13/07/2022 02:13,69072,38431,29827,814,3018,9056,476.42,3649,19241,76,126205
540572416,14/09/2016,7612,07/05/2023 20:35,07/05/2023 20:36,13449,6946,6290,213,2352,7979,185.48,13089,5244,67,9621
513478022,24/08/2013,8316,03/12/2023 23:29,03/12/2023 23:31,45525,23633,21309,583,2907,9161,520.95,19217,15241,78,43885
503278723,27/04/2012,5039,23/11/2023 23:48,23/11/2023 23:49,35332,17018,17838,476,2142,7743,321.49,13569,9576,57,30765
500532102,19/04/2011,9348,22/03/2021 01:10,13/07/2022 02:13,69072,38431,29827,814,3018,9056,476.42,3649,19241,76,126205
532941548,28/11/2015,8856,04/12/2023 15:31,04/12/2023 15:34,88218,48305,38953,960,3029,9491,450.0,46849,25702,74,97017
516683287,25/12/2013,7272,02/12/2023 20:02,04/12/2023 03:27,38928,20315,18165,448,2655,9722,410.56,57937,14669,67,29588
602010052,11/12/2022,7562,12/10/2023 22:18,12/10/2023 22:20,4613,2548,2007,58,2780,6256,480.81,1921,1483,73,4379
524923650,25/01/2016,4068,10/11/2023 16:52,10/11/2023 17:01,9821,4549,5158,114,2412,6244,331.49,13137,2064,50,8717
601948559,10/12/2022,5170,03/07/2023 23:52,12/10/2023 20:47,2323,1143,1148,32,2727,5741,493.55,60209,534,68,2151
533534956,17/12/2015,8859,04/12/2023 14:18,04/12/2023 14:31,28849,16232,12350,267,2948,9756,518.14,2929,8013,72,42869
500605715,02/05/2011,6631,01/12/2023 23:58,01/12/2023 23:58,11366,5962,5289,115,2621,7608,493.29,7937,2764,67,13612
512962964,09/08/2013,9351,06/08/2023 09:57,18/11/2023 17:39,54474,30551,23429,494,3189,9389,326.77,19217,17071,74,95893
500345879,12/04/2011,10417,10/07/2023 23:47,10/07/2023 23:46,58183,33744,23462,977,2922,13570,582.68,13905,22278,71,80819
509196824,11/03/2013,9134,04/12/2023 14:01,04/12/2023 14:00,31728,16653,14801,274,2595,8444,503.14,7169,9525,74,36616
542395673,27/11/2016,7135,02/12/2023 19:59,02/12/2023 19:57,39810,20783,18515,512,2810,9285,115.68,46849,15939,45,20358
535554586,16/02/2016,1852,20/02/2023 14:20,21/02/2023 14:15,285,142,139,4,1478,2007,49.25,3105,61,47,170
527840367,18/04/2015,6535,03/12/2023 21:10,03/12/2023 21:23,18304,9195,8816,293,2573,6999,403.31,14609,5633,62,15863
506763935,02/12/2012,7387,15/11/2023 23:26,15/11/2023 23:48,7760,4019,3624,117,2729,9604,554.58,6193,2184,74,10290
505854752,02/11/2012,6261,04/12/2023 09:00,04/12/2023 09:01,6686,3376,3193,117,2468,6963,591.28,23057,1560,65,7333
503620257,19/05/2012,8026,03/12/2023 23:29,03/12/2023 23:30,34022,18378,15262,382,2901,7841,284.61,14881,9556,75,55549
509104198,09/03/2013,8651,03/12/2023 15:54,03/12/2023 15:53,28986,15921,12791,274,2955,8771,489.27,9489,8191,67,47875
508533030,17/02/2013,3579,03/12/2023 18:39,03/12/2023 18:36,22148,10156,11788,204,2294,5160,349.77,13905,5117,66,14555
526937461,11/03/2015,5446,29/11/2023 14:31,29/11/2023 15:48,40194,19691,20054,449,2477,7507,311.27,19217,8985,67,45590
519091498,27/04/2014,9533,04/12/2023 01:13,04/12/2023 01:22,29745,17484,11938,323,2802,8494,593.26,2593,8995,74,33018
527469630,05/04/2015,8496,05/06/2023 22:38,27/06/2023 13:10,37547,20239,16993,315,2660,8344,368.69,3681,9001,71,59927
511414700,13/06/2013,6321,03/12/2023 22:51,03/12/2023 22:47,18845,9838,8819,188,2070,7327,384.02,15697,5152,71,19967
509472431,21/03/2013,5508,03/12/2023 20:54,03/12/2023 20:49,18924,9424,9300,200,2960,9408,438.98,9297,4422,66,20946
512606000,30/07/2013,6137,29/11/2023 22:10,29/11/2023 22:09,24419,12612,11595,212,2633,7806,403.7,2593,5236,64,29131
525662387,15/01/2015,5075,14/11/2023 21:00,14/11/2023 20:58,18635,9148,9350,137,2708,6496,301.64,4737,4089,65,26668
602006708,11/12/2022,6055,01/11/2023 14:02,01/11/2023 14:30,1301,693,594,14,3363,5834,737.72,3185,340,79,1485
528965942,16/06/2015,7668,04/12/2023 10:41,04/12/2023 10:43,24291,13000,11088,203,2901,8950,294.23,15697,5183,74,37258
509962825,12/04/2013,9298,19/01/2022 17:58,26/01/2022 21:28,33950,18857,14754,339,3276,8436,453.04,15697,10512,72,50458
571169780,24/05/2020,5873,19/02/2022 23:03,20/02/2022 00:44,971,555,404,12,2573,4862,201.12,5377,246,67,2130
503994300,24/06/2012,6115,27/03/2022 02:50,25/06/2023 18:30,1295,711,566,18,3225,7112,729.37,44289,312,78,1452
504916413,07/09/2012,7935,03/12/2023 21:52,03/12/2023 22:07,19182,10428,8600,154,2990,7220,309.91,16657,6124,65,23645
510424382,01/05/2013,11300,23/09/2022 22:41,24/09/2022 18:32,61523,37547,23433,543,3141,12271,416.49,2417,20617,80,105986
509059647,07/03/2013,6692,13/09/2022 22:00,13/09/2022 21:55,28755,14698,13813,244,2495,8716,278.35,6929,8811,62,26355
529736384,27/07/2015,7978,23/01/2023 11:11,23/01/2023 11:12,8007,4301,3608,98,2592,7430,448.23,2433,2571,70,8897
527335230,31/03/2015,5507,03/09/2023 23:01,03/09/2023 23:53,6992,3719,3206,67,1821,3949,175.21,5377,2297,60,5764
566247750,30/11/2019,9204,20/11/2023 02:41,20/11/2023 02:44,18184,10346,7579,259,2877,8914,150.89,2417,5204,70,38415
501054021,27/07/2011,8750,20/02/2023 17:37,20/02/2023 18:23,55339,30024,24648,667,3311,9536,429.21,13889,15839,73,82738
500454982,14/04/2011,6547,02/12/2022 17:19,02/12/2022 17:17,5036,2676,2292,68,2612,6026,465.62,7937,1519,69,5068
542367550,18/05/2017,7645,03/12/2023 18:54,03/12/2023 18:51,28752,15311,13175,266,3173,8866,649.38,19473,6111,74,39351
525094228,29/12/2014,7697,04/12/2023 15:50,04/12/2023 15:43,51548,27669,23364,515,2757,8912,399.84,16897,13387,68,80655
502550601,23/02/2012,5075,03/12/2023 22:38,03/12/2023 22:43,20927,10421,10293,213,2341,5583,306.19,4433,4943,68,18556
680278396,08/10/2023,4430,28/11/2023 12:26,01/12/2023 13:42,353,200,147,6,2640,3813,35.74,16161,175,56,344
564940130,08/05/2020,5904,21/11/2023 01:01,21/11/2023 01:04,11989,5926,5881,182,2784,7206,582.75,2433,2794,67,10311
525213774,01/01/2015,7961,29/06/2023 00:57,29/06/2023 00:58,31771,17250,14097,424,2738,8619,517.44,13905,8467,67,45774
512836559,06/08/2013,6905,04/12/2023 12:39,04/12/2023 12:40,83918,42173,40803,942,2975,8400,567.12,2929,23052,71,74249
508561616,18/02/2013,5749,28/11/2023 22:55,28/11/2023 22:55,34891,17374,17126,391,2523,7822,436.05,12049,8665,69,36504
535774033,24/02/2016,4781,09/12/2022 17:51,09/12/2022 18:47,8457,4233,4157,67,2126,4770,403.44,19713,1612,68,8809
543111634,17/12/2016,8621,04/12/2023 02:39,04/12/2023 02:36,17734,9798,7723,213,2676,10085,283.98,13905,5424,70,24581
518300116,09/03/2014,7775,29/01/2022 22:36,29/01/2022 22:37,25811,13826,11693,292,2523,7772,256.88,3937,7452,59,40788
510736857,14/05/2013,6380,27/11/2023 15:22,27/11/2023 15:24,41902,21303,20119,480,2627,7656,339.58,2417,9582,71,55650
591333338,16/08/2022,2500,17/08/2022 00:06,17/08/2022 00:02,76,42,30,4,1121,1193,64.18,1825,30,71,106
535773915,24/02/2016,7700,03/12/2023 13:23,03/12/2023 13:31,32291,17525,14437,329,2703,7331,315.59,45057,10198,67,42191
562651531,16/05/2019,5801,28/10/2023 01:04,28/10/2023 20:43,9415,4675,4584,156,2592,6945,654.05,2433,2073,70,10123
508297381,07/02/2013,4169,05/11/2023 17:07,05/11/2023 17:07,12525,6087,6338,100,1770,5210,185.69,16657,3188,61,7700
575602000,29/11/2020,4102,09/06/2022 22:01,09/06/2022 21:59,2410,1114,1256,40,2052,4282,479.04,45057,595,59,1600
526185474,06/02/2015,7169,04/12/2023 16:58,04/12/2023 16:57,19658,10510,9008,140,2657,8359,309.82,13857,5071,70,27454
543090788,16/12/2016,8116,03/12/2023 21:46,03/12/2023 21:59,5509,3127,2322,60,2834,7432,364.15,13089,1683,75,9434
505683301,23/10/2012,7414,01/10/2023 14:51,01/10/2023 15:11,20282,10651,9411,220,2837,7984,370.18,2721,5904,72,20378
567319142,10/01/2020,9661,03/12/2023 21:10,03/12/2023 23:03,15898,9355,6249,294,2810,9653,287.97,20225,6032,62,20864
519852777,14/06/2014,8218,04/12/2023 15:10,04/12/2023 15:09,80927,43120,36915,892,2978,9279,457.7,60497,18468,72,142502
500160492,17/05/2011,4423,12/09/2023 16:44,12/09/2023 16:48,13578,6395,7046,137,2087,5240,487.63,8193,3069,67,13915
523681263,21/11/2014,7304,16/05/2023 02:46,16/05/2023 02:44,18354,9599,8532,223,2600,9138,569.44,2593,5489,67,18778
677126740,28/08/2023,5024,02/12/2023 17:19,03/12/2023 21:41,1007,503,487,17,2180,5842,293.94,14865,270,70,821
535456626,13/02/2016,4864,29/10/2023 11:38,29/10/2023 11:54,4274,2196,2039,39,2331,4926,191.72,5137,1071,65,4503
513605619,28/08/2013,8505,30/12/2022 09:43,01/02/2023 07:23,48131,26157,21423,551,2696,9346,429.42,13889,16136,71,53258
528636532,24/05/2015,7384,08/07/2022 20:51,08/07/2022 20:49,15163,7905,7088,170,2580,7635,359.34,4385,4573,72,16504
501594485,22/10/2011,7660,27/06/2023 22:50,26/10/2023 23:15,17726,9491,8008,227,3126,8013,519.17,2433,4150,71,28581
586803702,18/02/2022,3702,10/06/2022 17:14,10/06/2022 17:09,1286,595,674,17,2076,3511,335.4,5377,355,62,574
500520953,17/04/2011,5537,03/12/2023 20:51,03/12/2023 20:52,25066,12518,12174,374,2455,6341,339.1,7953,6859,61,24871
511660412,23/06/2013,6970,28/01/2023 19:30,28/01/2023 19:38,31506,16496,14707,303,2645,8157,323.07,19217,9062,68,29743
578463741,17/03/2021,8895,04/12/2023 15:06,04/12/2023 15:07,3603,2238,1314,51,2799,9586,530.45,2929,1468,73,5976
517042190,2014-01-12,8337,2023-12-03 22:23,2023-12-04 17:13,78135,41026,36036,1073,2712,10360,513.34,12049,25044,69,83460
531682640,2015-10-14,6895,2023-12-03 17:49,2023-12-03 17:51,26249,13380,12637,232,2708,8486,340.31,16897,6341,70,34958
501934102,2011-12-15,8781,2022-12-04 20:40,2023-11-25 19:26,35751,19752,15573,426,2682,9073,524.72,13089,10861,74,53434
508342299,2013-02-09,8890,2022-04-06 17:17,2022-05-02 16:08,28289,15778,12223,288,3087,8676,428.89,2417,8955,75,41906
509069342,2013-03-07,7886,2023-12-03 23:09,2023-12-03 23:11,42746,22685,19700,361,2625,10405,556.26,2433,11010,70,63492
530378785,2015-08-22,9694,2023-12-03 23:51,2023-12-03 23:54,30312,17198,12734,380,3081,10480,592.08,19217,8373,72,54513
509692459,2013-03-31,8654,2023-12-03 22:43,2023-12-03 22:44,46199,24417,21251,531,3104,9714,402.8,2721,17462,64,57592
518267957,2014-03-07,9217,2023-12-04 00:59,2023-12-04 01:07,43076,23866,18774,436,3105,10455,458.92,14881,11227,74,66683
515986495,2013-12-03,10468,2023-12-04 15:49,2023-12-04 15:53,55173,32086,22555,532,3029,9898,474.63,3473,19042,72,71330
531455502,2015-10-05,8600,2023-11-12 13:03,2023-11-12 13:02,28778,15650,12929,199,2997,11066,517.07,13857,7345,72,43728
552068182,2017-12-25,6924,2023-12-04 16:58,2023-12-04 16:59,5785,3111,2608,66,2750,7383,576.97,15697,1470,59,8045
511235672,2013-06-06,7925,2023-09-18 09:48,2023-09-26 16:06,35864,19032,16344,488,2829,10090,565.24,12049,11334,72,35183
546371163,2017-03-19,10333,2023-12-04 10:53,2023-12-04 10:51,13365,8133,5012,220,2775,10342,295.55,13905,6090,70,16288
509050466,2013-03-07,6421,2023-11-08 17:21,2023-11-30 11:29,34315,17308,16532,475,2837,9659,365.36,2433,8975,64,34820
506679909,2012-11-30,8629,2023-09-25 12:11,2023-09-25 12:00,20544,11244,9109,191,2571,8905,491.09,19217,5867,72,28222
595060353,2012-01-01,8447,2023-10-25 17:39,2023-12-02 08:26,17977,10122,7592,263,2811,6225,398.74,9297,6613,71,17935
529018498,2015-06-20,8071,2023-12-04 00:13,2023-12-04 00:24,38280,19914,17970,396,2772,9634,380.23,3937,8982,65,40400
564010646,2019-07-30,8014,2023-12-03 19:48,2023-12-03 19:49,34793,18326,15946,521,3071,7855,323.34,5265,7680,80,49959
548039833,2017-06-10,5455,2023-12-03 22:35,2023-12-03 22:30,20704,10348,10108,248,2591,7361,511.19,13857,4639,63,18380
521216155,2014-07-25,8557,2023-11-30 20:44,2023-11-30 20:41,65417,35425,29361,631,3000,11229,591.18,19217,15962,75,78684
509251744,2013-03-13,8387,2023-12-03 21:54,2023-12-03 21:46,26835,14385,12180,270,2675,8427,498.13,4737,7505,71,29301
535992993,2016-03-06,6836,2023-12-04 00:08,2023-12-04 00:09,53628,27458,25517,653,2967,8488,281.43,14609,15861,65,56433
511360163,2013-06-12,7867,2023-11-27 21:07,2023-11-27 21:08,32927,17662,14894,371,2823,8967,375.79,19217,10049,71,44285
511601316,2013-06-21,7851,2023-12-04 01:03,2023-12-04 01:25,15744,8460,7076,208,2744,7912,405.34,13089,4814,66,18810
516365683,2014-01-05,8289,2023-12-04 14:11,2023-12-04 14:08,45750,24476,20866,408,2961,10571,430.65,15953,13807,67,54565
548669115,2019-01-13,6984,2023-11-26 19:26,2023-11-26 19:22,28595,14560,13674,361,2859,9322,517.18,2433,7045,68,32875
594986686,2015-08-01,9489,2023-12-04 13:57,2023-12-04 13:59,33478,19004,14006,468,3080,8197,424.76,14881,10721,73,44768
503374023,2012-05-03,9523,2023-11-30 02:22,2023-11-30 02:24,27486,15811,11389,286,2854,9003,330.28,12305,10808,72,34436
514328779,2013-10-01,7836,2023-11-28 23:37,2023-11-28 23:38,28724,15151,13210,363,2931,9958,600.11,5281,8520,72,23748
559588562,2018-12-26,9509,2023-12-04 00:27,2023-12-04 00:27,5382,3401,1932,49,2804,10659,381.86,63537,2541,77,7328
523052243,2014-10-30,10124,2023-12-03 23:58,2023-12-03 23:59,36692,20445,15762,485,2759,10688,837.32,2433,12332,72,42518
618728162,2023-02-26,8091,2023-12-04 01:53,2023-12-04 17:07,4842,2669,2055,118,2456,7666,256.46,19217,1735,61,5542
503651044,2012-05-22,6885,2023-12-03 22:00,2023-12-03 22:01,34331,17517,16387,427,2727,8506,414.46,27905,9087,64,42836
532900306,2015-11-27,9218,2023-11-15 18:08,2023-11-15 18:46,62790,34619,27576,595,3173,10622,490.2,14881,19232,72,99474
566379219,2019-12-06,10113,2023-12-03 12:05,2023-12-03 18:02,7356,4515,2768,73,3225,10771,566.96,14609,2393,77,11945
533897761,2015-12-26,7137,2023-12-03 17:08,2023-12-03 17:08,27544,14159,13122,263,2729,8254,472.51,15617,7404,71,31784
513795321,2013-09-05,7574,2023-12-03 23:56,2023-12-03 23:57,87489,46044,40576,869,3140,10866,279.91,46849,27121,65,114294
567403774,2020-01-14,9772,2023-12-04 00:56,2023-12-04 01:03,20283,11356,8592,335,3021,10050,452.3,13905,7344,66,28683
503375104,2012-05-03,10549,2023-11-21 23:49,2023-11-21 23:48,16752,10215,6355,182,3144,9665,637.34,2433,6564,76,26636
506554625,2012-11-27,9573,2023-12-03 23:48,2023-12-03 23:50,74188,42405,30741,1042,2673,9180,397.65,13089,31949,68,58255
581405442,2021-06-29,7382,2023-12-04 15:56,2023-12-04 15:59,5862,3119,2634,109,2952,7756,435.38,15697,1463,71,9297
502028038,2011-12-30,6422,2023-10-10 19:07,2023-10-10 19:08,25967,13149,12553,265,2429,7704,473.94,20993,5605,65,33603
515121416,2013-11-09,7904,2023-12-03 21:14,2023-12-03 21:09,36234,18789,17123,322,2613,9761,373.1,4737,10928,70,44866
520039438,2014-06-27,8793,2023-12-03 22:22,2023-12-03 22:32,57206,31270,25365,571,2916,9500,397.89,19217,17250,74,78701
540926222,2016-10-02,9457,2023-12-04 14:21,2023-12-04 14:21,94426,51022,42108,1296,2940,9979,338.92,50593,28591,78,167405
620283663,2014-03-17,8953,2023-12-03 11:10,2023-12-03 11:20,57154,30780,25538,836,2681,10313,331.18,15697,22329,73,48043
508774161,2013-02-26,8505,2023-12-04 18:28,2023-12-04 18:31,35012,18822,15827,363,2571,9302,387.04,13905,11350,68,39673
504153362,2012-07-10,7622,2023-12-03 19:40,2023-12-03 19:42,68008,36045,31117,846,3126,9957,526.5,58369,14471,73,120335
547571992,2017-05-21,7723,2023-12-03 15:29,2023-12-03 15:33,14485,7646,6599,240,2457,7863,362.1,3681,4301,71,14847
508594969,2013-02-20,8297,2023-12-03 12:47,2023-12-03 12:47,35485,18829,16279,377,2505,7969,422.34,13857,10499,71,46128
555040546,2018-04-29,7765,2023-12-03 18:33,2023-12-03 18:34,7388,4166,3120,102,3054,7377,226.01,5265,1597,66,12935
553362729,2018-02-13,9030,2023-11-27 03:05,2023-11-27 03:06,11012,6056,4755,201,3141,8356,594.44,52865,4115,71,11153
510419754,2013-05-01,8473,2023-12-04 08:49,2023-12-04 14:19,8622,4642,3815,165,2475,7133,402.0,2417,3164,62,7161
536919351,2016-04-04,7834,2023-12-04 16:15,2023-12-04 16:15,27497,14362,12781,354,2628,7636,518.42,9297,8269,70,36108
522054458,2014-09-02,8195,2023-12-03 22:12,2023-12-04 18:18,21567,11675,9692,200,3383,8767,444.6,12305,5779,71,28516
508912444,2013-03-02,9048,2023-12-03 12:30,2023-12-03 12:32,15507,8603,6719,185,3186,8065,514.82,3473,4955,75,20369
550798141,2018-03-29,8233,2023-12-03 21:42,2023-12-03 21:47,32200,16677,14922,601,2735,9132,565.44,13905,10370,75,33025
533138244,2015-12-04,8635,2023-12-02 16:33,2023-12-02 16:30,20906,11611,9073,222,2655,8386,460.12,14113,6404,71,27200
555235658,2018-05-11,8104,2023-11-30 23:35,2023-11-30 23:32,6346,3512,2731,103,2729,9037,497.58,6753,1596,71,10223
518358861,2014-03-12,6098,2023-12-03 23:11,2023-12-03 23:12,35318,18010,16900,408,2790,8855,412.33,3649,6476,61,46959
591335247,2022-08-16,7707,2023-12-03 19:58,2023-12-03 20:04,3660,1984,1622,54,2454,6567,384.92,14609,1320,61,3834
502074704,2012-01-05,8509,2023-07-14 15:13,2023-07-14 15:11,37954,20346,17151,457,2631,8416,507.68,14881,12479,70,41339
519823709,2014-06-12,9541,2023-11-30 23:07,2023-11-30 23:03,28184,15732,12122,330,2855,8233,467.99,15617,9956,69,39671
500818272,2011-06-12,8279,2023-12-04 12:38,2023-12-04 12:45,55535,30194,24630,711,2789,9274,502.29,3473,18169,68,48889
517171042,2014-01-14,7545,2023-11-19 01:00,2023-11-19 01:00,30872,16188,14395,289,2636,7912,330.51,6209,8452,68,35162
512312676,2013-07-20,9106,2023-12-04 01:14,2023-12-04 01:15,55449,30636,24154,659,3029,8972,613.32,2433,16631,72,79059
577308529,2021-02-02,8585,2023-12-01 22:45,2023-12-02 13:38,9231,5061,4007,163,2877,9280,451.65,3681,3010,72,10789
522940275,2014-11-15,7183,2023-12-04 02:53,2023-12-04 02:55,38007,20293,17337,377,2631,8290,373.29,15953,10189,68,46578
585601912,2022-01-04,8770,2023-11-13 17:19,2023-12-01 19:05,7742,4321,3288,133,2693,6851,269.69,14865,2606,70,12358
505510778,2013-06-05,9808,2023-12-04 17:51,2023-12-04 17:51,35899,20553,14819,527,3510,10508,601.82,2929,11293,68,52531
526572923,2015-02-23,8846,2023-12-03 11:53,2023-12-03 11:52,32244,17143,14737,364,2837,8613,456.18,2929,12009,68,34499
534837123,2016-01-21,8081,2023-07-01 18:41,2023-07-01 18:37,37210,19746,17010,454,2610,8545,633.23,12049,10264,72,46355
539531142,2016-07-27,9079,2023-12-04 03:01,2023-12-04 03:03,12428,6687,5449,292,2579,8726,377.63,57937,5373,59,13207
563750792,2021-04-09,9040,2023-12-04 16:34,2023-12-04 16:35,3965,2450,1444,71,2682,8552,487.4,6209,1550,74,5633
517253005,2014-01-18,9588,2023-12-03 21:05,2023-12-03 21:16,61457,34092,26715,650,3066,9729,346.76,2417,19170,70,100353
502827920,2012-03-27,8407,2023-11-29 22:17,2023-11-29 22:37,14590,7863,6528,199,2471,6919,358.4,2417,4969,74,16779
508858777,2013-03-01,7591,2023-11-30 03:00,2023-11-30 03:01,53489,27694,25177,618,2687,8631,455.89,57937,17171,67,52348
524702622,2014-12-21,6006,2023-12-03 22:23,2023-12-03 22:27,8447,4387,3939,121,2096,6837,269.39,13905,2190,65,7558
521506207,2014-08-08,9422,2023-12-04 00:08,2023-12-04 09:51,61961,34611,26764,586,2886,9277,422.52,58641,18109,70,81422
500854690,2011-06-18,8122,2023-09-18 19:39,2023-09-19 16:25,49986,26711,22521,754,2709,8461,415.44,13569,13856,70,65771
511564207,2013-06-19,7943,2023-12-04 15:41,2023-12-04 15:48,89105,44841,43365,899,3011,12588,544.52,2433,20846,72,90143
530200498,2015-08-15,7910,2023-05-07 01:36,2023-05-07 01:32,12657,6685,5789,183,2501,7519,371.78,13905,4507,65,18059
598453173,2018-01-02,8022,2023-12-03 23:33,2023-12-04 13:03,6746,3588,3027,131,2489,8348,494.28,2929,2126,71,8484
503141814,2012-04-19,7535,2023-12-01 22:33,2023-12-01 22:29,24964,13089,11520,355,2784,9012,434.39,60977,6298,69,34651
500332789,2011-04-14,9261,2023-12-03 14:47,2023-12-03 14:43,59396,32458,26139,799,2755,10430,343.45,14609,22411,69,72649
635701184,2023-03-10,6529,2023-12-04 05:34,2023-12-04 18:28,1673,904,739,30,2390,6979,367.8,5505,603,68,1653
502037957,2011-12-31,7890,2023-12-03 20:57,2023-12-03 22:01,28759,15148,13272,339,2565,8597,455.73,8289,9757,68,24105
512145355,2013-07-13,9100,2023-12-01 22:31,2023-12-03 21:08,51621,27907,22963,751,3075,9148,350.9,13905,18507,67,60238
502037966,2011-12-31,10164,2022-02-03 17:20,2022-02-03 19:07,30060,18132,11544,384,2817,9535,587.5,9233,12347,71,35968
501955535,2011-12-19,8734,2023-12-03 22:35,2023-12-03 22:37,25266,13744,11156,366,2717,10784,626.78,58641,8533,70,26677
505643986,2012-10-21,8585,2021-06-26 13:53,2021-08-06 20:30,15398,8934,6328,136,2559,7312,393.2,6209,4897,73,18645
507861471,2013-01-17,8379,2023-09-06 21:47,2023-09-06 21:46,54049,29103,24352,594,2841,9248,413.95,14609,16317,73,58676
500348240,2011-04-16,8939,2023-11-18 17:43,2023-11-19 11:07,34430,19103,14998,329,2835,9739,441.43,3473,10952,73,44867
537027554,2016-04-08,6914,2023-10-27 23:17,2023-10-27 23:13,30798,15497,15026,275,2439,8494,348.7,2929,9183,69,31908
516724719,2013-12-26,7323,2023-12-03 20:45,2023-12-03 20:41,42700,22292,19943,465,2858,8330,439.11,19969,9879,72,63216
500733937,2011-05-26,9408,2023-12-03 21:38,2023-12-03 21:35,64903,36456,27645,802,2791,9251,298.46,2721,20222,76,85274
515500536,2013-11-21,9152,2023-12-04 02:14,2023-12-04 17:20,26039,14812,10955,272,2594,9042,299.23,19217,9269,73,30365
503846905,2012-06-09,8569,2023-12-04 17:28,2023-12-04 17:22,27709,15409,11970,330,2758,7905,547.15,14609,8154,76,42325
508454395,2013-02-15,8625,2023-12-03 15:36,2023-12-03 15:40,51274,27717,23072,485,3018,9240,600.43,9489,13136,70,89365
